Item Name,EnchantLevel,EnchantRatio,BreakRatio,MinDowngrade,MaxDowngrade,Gold
Black Dragon Destroyer Helmet,1,100.0,0.0,0,0,4
Black Dragon Destroyer Helmet,2,100.0,0.0,0,0,12
Black Dragon Destroyer Helmet,3,100.0,0.0,0,0,30
Black Dragon Destroyer Helmet,4,100.0,0.0,0,0,61
Black Dragon Destroyer Helmet,5,100.0,0.0,0,0,122
Black Dragon Destroyer Helmet,6,100.0,0.0,0,0,245
Black Dragon Destroyer Helmet,7,33.33,25.0,0,1,367
Black Dragon Destroyer Helmet,8,33.33,25.0,0,1,551
Black Dragon Destroyer Helmet,9,33.33,25.0,0,1,817
Black Dragon Destroyer Helmet,10,33.33,25.0,0,1,1226
Black Dragon Destroyer Helmet,11,33.33,25.0,0,1,1471
Black Dragon Destroyer Helmet,12,33.33,25.0,0,2,1716
Black Dragon Destroyer Helmet,13,15.0,25.0,1,2,2043
Black Dragon Destroyer Helmet,14,5.0,25.0,1,2,3065
Black Dragon Destroyer Helmet,15,1.0,25.0,1,2,4904
Black Dragon Destroyer Shirt,1,100.0,0.0,0,0,8
Black Dragon Destroyer Shirt,2,100.0,0.0,0,0,24
Black Dragon Destroyer Shirt,3,100.0,0.0,0,0,61
Black Dragon Destroyer Shirt,4,100.0,0.0,0,0,122
Black Dragon Destroyer Shirt,5,100.0,0.0,0,0,245
Black Dragon Destroyer Shirt,6,100.0,0.0,0,0,490
Black Dragon Destroyer Shirt,7,33.33,25.0,0,1,735
Black Dragon Destroyer Shirt,8,33.33,25.0,0,1,1103
Black Dragon Destroyer Shirt,9,33.33,25.0,0,1,1634
Black Dragon Destroyer Shirt,10,33.33,25.0,0,1,2452
Black Dragon Destroyer Shirt,11,33.33,25.0,0,1,2942
Black Dragon Destroyer Shirt,12,33.33,25.0,0,2,3433
Black Dragon Destroyer Shirt,13,15.0,25.0,1,2,4087
Black Dragon Destroyer Shirt,14,5.0,25.0,1,2,6131
Black Dragon Destroyer Shirt,15,1.0,25.0,1,2,9809
Black Dragon Destroyer Pants,1,100.0,0.0,0,0,5
Black Dragon Destroyer Pants,2,100.0,0.0,0,0,17
Black Dragon Destroyer Pants,3,100.0,0.0,0,0,42
Black Dragon Destroyer Pants,4,100.0,0.0,0,0,85
Black Dragon Destroyer Pants,5,100.0,0.0,0,0,170
Black Dragon Destroyer Pants,6,100.0,0.0,0,0,341
Black Dragon Destroyer Pants,7,33.33,25.0,0,1,511
Black Dragon Destroyer Pants,8,33.33,25.0,0,1,767
Black Dragon Destroyer Pants,9,33.33,25.0,0,1,1136
Black Dragon Destroyer Pants,10,33.33,25.0,0,1,1705
Black Dragon Destroyer Pants,11,33.33,25.0,0,1,2046
Black Dragon Destroyer Pants,12,33.33,25.0,0,2,2387
Black Dragon Destroyer Pants,13,15.0,25.0,1,2,2842
Black Dragon Destroyer Pants,14,5.0,25.0,1,2,4263
Black Dragon Destroyer Pants,15,1.0,25.0,1,2,6820
Black Dragon Destroyer Gloves,1,100.0,0.0,0,0,2
Black Dragon Destroyer Gloves,2,100.0,0.0,0,0,6
Black Dragon Destroyer Gloves,3,100.0,0.0,0,0,15
Black Dragon Destroyer Gloves,4,100.0,0.0,0,0,31
Black Dragon Destroyer Gloves,5,100.0,0.0,0,0,62
Black Dragon Destroyer Gloves,6,100.0,0.0,0,0,124
Black Dragon Destroyer Gloves,7,33.33,25.0,0,1,186
Black Dragon Destroyer Gloves,8,33.33,25.0,0,1,279
Black Dragon Destroyer Gloves,9,33.33,25.0,0,1,413
Black Dragon Destroyer Gloves,10,33.33,25.0,0,1,620
Black Dragon Destroyer Gloves,11,33.33,25.0,0,1,744
Black Dragon Destroyer Gloves,12,33.33,25.0,0,2,868
Black Dragon Destroyer Gloves,13,15.0,25.0,1,2,1033
Black Dragon Destroyer Gloves,14,5.0,25.0,1,2,1550
Black Dragon Destroyer Gloves,15,1.0,25.0,1,2,2480
Black Dragon Destroyer Boots,1,100.0,0.0,0,0,2
Black Dragon Destroyer Boots,2,100.0,0.0,0,0,7
Black Dragon Destroyer Boots,3,100.0,0.0,0,0,17
Black Dragon Destroyer Boots,4,100.0,0.0,0,0,35
Black Dragon Destroyer Boots,5,100.0,0.0,0,0,70
Black Dragon Destroyer Boots,6,100.0,0.0,0,0,140
Black Dragon Destroyer Boots,7,33.33,25.0,0,1,210
Black Dragon Destroyer Boots,8,33.33,25.0,0,1,315
Black Dragon Destroyer Boots,9,33.33,25.0,0,1,467
Black Dragon Destroyer Boots,10,33.33,25.0,0,1,700
Black Dragon Destroyer Boots,11,33.33,25.0,0,1,840
Black Dragon Destroyer Boots,12,33.33,25.0,0,2,980
Black Dragon Destroyer Boots,13,15.0,25.0,1,2,1167
Black Dragon Destroyer Boots,14,5.0,25.0,1,2,1751
Black Dragon Destroyer Boots,15,1.0,25.0,1,2,2802
Black Dragon Destroyer Sword,1,100.0,0.0,0,0,20
Black Dragon Destroyer Sword,2,100.0,0.0,0,0,62
Black Dragon Destroyer Sword,3,100.0,0.0,0,0,155
Black Dragon Destroyer Sword,4,100.0,0.0,0,0,310
Black Dragon Destroyer Sword,5,100.0,0.0,0,0,620
Black Dragon Destroyer Sword,6,100.0,0.0,0,0,1240
Black Dragon Destroyer Sword,7,33.33,25.0,0,1,1860
Black Dragon Destroyer Sword,8,33.33,25.0,0,1,2790
Black Dragon Destroyer Sword,9,33.33,25.0,0,1,4133
Black Dragon Destroyer Sword,10,33.33,25.0,0,1,6200
Black Dragon Destroyer Sword,11,33.33,25.0,0,1,7441
Black Dragon Destroyer Sword,12,33.33,25.0,0,2,8681
Black Dragon Destroyer Sword,13,15.0,25.0,1,2,10334
Black Dragon Destroyer Sword,14,5.0,25.0,1,2,15502
Black Dragon Destroyer Sword,15,1.0,25.0,1,2,24803
Black Dragon Destroyer Gauntlets,1,100.0,0.0,0,0,11
Black Dragon Destroyer Gauntlets,2,100.0,0.0,0,0,35
Black Dragon Destroyer Gauntlets,3,100.0,0.0,0,0,87
Black Dragon Destroyer Gauntlets,4,100.0,0.0,0,0,175
Black Dragon Destroyer Gauntlets,5,100.0,0.0,0,0,350
Black Dragon Destroyer Gauntlets,6,100.0,0.0,0,0,700
Black Dragon Destroyer Gauntlets,7,33.33,25.0,0,1,1051
Black Dragon Destroyer Gauntlets,8,33.33,25.0,0,1,1576
Black Dragon Destroyer Gauntlets,9,33.33,25.0,0,1,2335
Black Dragon Destroyer Gauntlets,10,33.33,25.0,0,1,3503
Black Dragon Destroyer Gauntlets,11,33.33,25.0,0,1,4204
Black Dragon Destroyer Gauntlets,12,33.33,25.0,0,2,4904
Black Dragon Destroyer Gauntlets,13,15.0,25.0,1,2,5839
Black Dragon Destroyer Gauntlets,14,5.0,25.0,1,2,8758
Black Dragon Destroyer Gauntlets,15,1.0,25.0,1,2,14013
Black Dragon Illumia Helmet,1,100.0,0.0,0,0,4
Black Dragon Illumia Helmet,2,100.0,0.0,0,0,12
Black Dragon Illumia Helmet,3,100.0,0.0,0,0,30
Black Dragon Illumia Helmet,4,100.0,0.0,0,0,61
Black Dragon Illumia Helmet,5,100.0,0.0,0,0,122
Black Dragon Illumia Helmet,6,100.0,0.0,0,0,245
Black Dragon Illumia Helmet,7,33.33,25.0,0,1,367
Black Dragon Illumia Helmet,8,33.33,25.0,0,1,551
Black Dragon Illumia Helmet,9,33.33,25.0,0,1,817
Black Dragon Illumia Helmet,10,33.33,25.0,0,1,1226
Black Dragon Illumia Helmet,11,33.33,25.0,0,1,1471
Black Dragon Illumia Helmet,12,33.33,25.0,0,2,1716
Black Dragon Illumia Helmet,13,15.0,25.0,1,2,2043
Black Dragon Illumia Helmet,14,5.0,25.0,1,2,3065
Black Dragon Illumia Helmet,15,1.0,25.0,1,2,4904
Black Dragon Illumia Shirt,1,100.0,0.0,0,0,7
Black Dragon Illumia Shirt,2,100.0,0.0,0,0,21
Black Dragon Illumia Shirt,3,100.0,0.0,0,0,54
Black Dragon Illumia Shirt,4,100.0,0.0,0,0,108
Black Dragon Illumia Shirt,5,100.0,0.0,0,0,217
Black Dragon Illumia Shirt,6,100.0,0.0,0,0,434
Black Dragon Illumia Shirt,7,33.33,25.0,0,1,651
Black Dragon Illumia Shirt,8,33.33,25.0,0,1,976
Black Dragon Illumia Shirt,9,33.33,25.0,0,1,1446
Black Dragon Illumia Shirt,10,33.33,25.0,0,1,2170
Black Dragon Illumia Shirt,11,33.33,25.0,0,1,2604
Black Dragon Illumia Shirt,12,33.33,25.0,0,2,3038
Black Dragon Illumia Shirt,13,15.0,25.0,1,2,3617
Black Dragon Illumia Shirt,14,5.0,25.0,1,2,5425
Black Dragon Illumia Shirt,15,1.0,25.0,1,2,8681
Black Dragon Illumia Pants,1,100.0,0.0,0,0,6
Black Dragon Illumia Pants,2,100.0,0.0,0,0,19
Black Dragon Illumia Pants,3,100.0,0.0,0,0,48
Black Dragon Illumia Pants,4,100.0,0.0,0,0,96
Black Dragon Illumia Pants,5,100.0,0.0,0,0,192
Black Dragon Illumia Pants,6,100.0,0.0,0,0,385
Black Dragon Illumia Pants,7,33.33,25.0,0,1,578
Black Dragon Illumia Pants,8,33.33,25.0,0,1,867
Black Dragon Illumia Pants,9,33.33,25.0,0,1,1284
Black Dragon Illumia Pants,10,33.33,25.0,0,1,1926
Black Dragon Illumia Pants,11,33.33,25.0,0,1,2312
Black Dragon Illumia Pants,12,33.33,25.0,0,2,2697
Black Dragon Illumia Pants,13,15.0,25.0,1,2,3211
Black Dragon Illumia Pants,14,5.0,25.0,1,2,4817
Black Dragon Illumia Pants,15,1.0,25.0,1,2,7707
Black Dragon Illumia Gloves,1,100.0,0.0,0,0,2
Black Dragon Illumia Gloves,2,100.0,0.0,0,0,6
Black Dragon Illumia Gloves,3,100.0,0.0,0,0,15
Black Dragon Illumia Gloves,4,100.0,0.0,0,0,31
Black Dragon Illumia Gloves,5,100.0,0.0,0,0,62
Black Dragon Illumia Gloves,6,100.0,0.0,0,0,124
Black Dragon Illumia Gloves,7,33.33,25.0,0,1,186
Black Dragon Illumia Gloves,8,33.33,25.0,0,1,279
Black Dragon Illumia Gloves,9,33.33,25.0,0,1,413
Black Dragon Illumia Gloves,10,33.33,25.0,0,1,620
Black Dragon Illumia Gloves,11,33.33,25.0,0,1,744
Black Dragon Illumia Gloves,12,33.33,25.0,0,2,868
Black Dragon Illumia Gloves,13,15.0,25.0,1,2,1033
Black Dragon Illumia Gloves,14,5.0,25.0,1,2,1550
Black Dragon Illumia Gloves,15,1.0,25.0,1,2,2480
Black Dragon Illumia Boots,1,100.0,0.0,0,0,2
Black Dragon Illumia Boots,2,100.0,0.0,0,0,7
Black Dragon Illumia Boots,3,100.0,0.0,0,0,17
Black Dragon Illumia Boots,4,100.0,0.0,0,0,35
Black Dragon Illumia Boots,5,100.0,0.0,0,0,70
Black Dragon Illumia Boots,6,100.0,0.0,0,0,140
Black Dragon Illumia Boots,7,33.33,25.0,0,1,210
Black Dragon Illumia Boots,8,33.33,25.0,0,1,315
Black Dragon Illumia Boots,9,33.33,25.0,0,1,467
Black Dragon Illumia Boots,10,33.33,25.0,0,1,700
Black Dragon Illumia Boots,11,33.33,25.0,0,1,840
Black Dragon Illumia Boots,12,33.33,25.0,0,2,980
Black Dragon Illumia Boots,13,15.0,25.0,1,2,1167
Black Dragon Illumia Boots,14,5.0,25.0,1,2,1751
Black Dragon Illumia Boots,15,1.0,25.0,1,2,2802
Black Dragon Illumia Axe,1,100.0,0.0,0,0,23
Black Dragon Illumia Axe,2,100.0,0.0,0,0,70
Black Dragon Illumia Axe,3,100.0,0.0,0,0,175
Black Dragon Illumia Axe,4,100.0,0.0,0,0,350
Black Dragon Illumia Axe,5,100.0,0.0,0,0,700
Black Dragon Illumia Axe,6,100.0,0.0,0,0,1401
Black Dragon Illumia Axe,7,33.33,25.0,0,1,2102
Black Dragon Illumia Axe,8,33.33,25.0,0,1,3153
Black Dragon Illumia Axe,9,33.33,25.0,0,1,4671
Black Dragon Illumia Axe,10,33.33,25.0,0,1,7006
Black Dragon Illumia Axe,11,33.33,25.0,0,1,8408
Black Dragon Illumia Axe,12,33.33,25.0,0,2,9809
Black Dragon Illumia Axe,13,15.0,25.0,1,2,11678
Black Dragon Illumia Axe,14,5.0,25.0,1,2,17517
Black Dragon Illumia Axe,15,1.0,25.0,1,2,28027
Black Dragon Illumia Hammer,1,100.0,0.0,0,0,23
Black Dragon Illumia Hammer,2,100.0,0.0,0,0,70
Black Dragon Illumia Hammer,3,100.0,0.0,0,0,175
Black Dragon Illumia Hammer,4,100.0,0.0,0,0,350
Black Dragon Illumia Hammer,5,100.0,0.0,0,0,700
Black Dragon Illumia Hammer,6,100.0,0.0,0,0,1401
Black Dragon Illumia Hammer,7,33.33,25.0,0,1,2102
Black Dragon Illumia Hammer,8,33.33,25.0,0,1,3153
Black Dragon Illumia Hammer,9,33.33,25.0,0,1,4671
Black Dragon Illumia Hammer,10,33.33,25.0,0,1,7006
Black Dragon Illumia Hammer,11,33.33,25.0,0,1,8408
Black Dragon Illumia Hammer,12,33.33,25.0,0,2,9809
Black Dragon Illumia Hammer,13,15.0,25.0,1,2,11678
Black Dragon Illumia Hammer,14,5.0,25.0,1,2,17517
Black Dragon Illumia Hammer,15,1.0,25.0,1,2,28027
Black Dragon Illumia Gauntlets,1,100.0,0.0,0,0,11
Black Dragon Illumia Gauntlets,2,100.0,0.0,0,0,35
Black Dragon Illumia Gauntlets,3,100.0,0.0,0,0,87
Black Dragon Illumia Gauntlets,4,100.0,0.0,0,0,175
Black Dragon Illumia Gauntlets,5,100.0,0.0,0,0,350
Black Dragon Illumia Gauntlets,6,100.0,0.0,0,0,700
Black Dragon Illumia Gauntlets,7,33.33,25.0,0,1,1051
Black Dragon Illumia Gauntlets,8,33.33,25.0,0,1,1576
Black Dragon Illumia Gauntlets,9,33.33,25.0,0,1,2335
Black Dragon Illumia Gauntlets,10,33.33,25.0,0,1,3503
Black Dragon Illumia Gauntlets,11,33.33,25.0,0,1,4204
Black Dragon Illumia Gauntlets,12,33.33,25.0,0,2,4904
Black Dragon Illumia Gauntlets,13,15.0,25.0,1,2,5839
Black Dragon Illumia Gauntlets,14,5.0,25.0,1,2,8758
Black Dragon Illumia Gauntlets,15,1.0,25.0,1,2,14013
Black Dragon Tracker Headband,1,100.0,0.0,0,0,3
Black Dragon Tracker Headband,2,100.0,0.0,0,0,10
Black Dragon Tracker Headband,3,100.0,0.0,0,0,27
Black Dragon Tracker Headband,4,100.0,0.0,0,0,54
Black Dragon Tracker Headband,5,100.0,0.0,0,0,108
Black Dragon Tracker Headband,6,100.0,0.0,0,0,217
Black Dragon Tracker Headband,7,33.33,25.0,0,1,325
Black Dragon Tracker Headband,8,33.33,25.0,0,1,488
Black Dragon Tracker Headband,9,33.33,25.0,0,1,723
Black Dragon Tracker Headband,10,33.33,25.0,0,1,1085
Black Dragon Tracker Headband,11,33.33,25.0,0,1,1302
Black Dragon Tracker Headband,12,33.33,25.0,0,2,1519
Black Dragon Tracker Headband,13,15.0,25.0,1,2,1808
Black Dragon Tracker Headband,14,5.0,25.0,1,2,2712
Black Dragon Tracker Headband,15,1.0,25.0,1,2,4340
Black Dragon Tracker Onesie,1,100.0,0.0,0,0,8
Black Dragon Tracker Onesie,2,100.0,0.0,0,0,24
Black Dragon Tracker Onesie,3,100.0,0.0,0,0,61
Black Dragon Tracker Onesie,4,100.0,0.0,0,0,122
Black Dragon Tracker Onesie,5,100.0,0.0,0,0,245
Black Dragon Tracker Onesie,6,100.0,0.0,0,0,490
Black Dragon Tracker Onesie,7,33.33,25.0,0,1,735
Black Dragon Tracker Onesie,8,33.33,25.0,0,1,1103
Black Dragon Tracker Onesie,9,33.33,25.0,0,1,1634
Black Dragon Tracker Onesie,10,33.33,25.0,0,1,2452
Black Dragon Tracker Onesie,11,33.33,25.0,0,1,2942
Black Dragon Tracker Onesie,12,33.33,25.0,0,2,3433
Black Dragon Tracker Onesie,13,15.0,25.0,1,2,4087
Black Dragon Tracker Onesie,14,5.0,25.0,1,2,6131
Black Dragon Tracker Onesie,15,1.0,25.0,1,2,9809
Black Dragon Tracker Leggings,1,100.0,0.0,0,0,5
Black Dragon Tracker Leggings,2,100.0,0.0,0,0,17
Black Dragon Tracker Leggings,3,100.0,0.0,0,0,42
Black Dragon Tracker Leggings,4,100.0,0.0,0,0,85
Black Dragon Tracker Leggings,5,100.0,0.0,0,0,170
Black Dragon Tracker Leggings,6,100.0,0.0,0,0,341
Black Dragon Tracker Leggings,7,33.33,25.0,0,1,511
Black Dragon Tracker Leggings,8,33.33,25.0,0,1,767
Black Dragon Tracker Leggings,9,33.33,25.0,0,1,1136
Black Dragon Tracker Leggings,10,33.33,25.0,0,1,1705
Black Dragon Tracker Leggings,11,33.33,25.0,0,1,2046
Black Dragon Tracker Leggings,12,33.33,25.0,0,2,2387
Black Dragon Tracker Leggings,13,15.0,25.0,1,2,2842
Black Dragon Tracker Leggings,14,5.0,25.0,1,2,4263
Black Dragon Tracker Leggings,15,1.0,25.0,1,2,6820
Black Dragon Tracker Mitten,1,100.0,0.0,0,0,2
Black Dragon Tracker Mitten,2,100.0,0.0,0,0,6
Black Dragon Tracker Mitten,3,100.0,0.0,0,0,15
Black Dragon Tracker Mitten,4,100.0,0.0,0,0,31
Black Dragon Tracker Mitten,5,100.0,0.0,0,0,62
Black Dragon Tracker Mitten,6,100.0,0.0,0,0,124
Black Dragon Tracker Mitten,7,33.33,25.0,0,1,186
Black Dragon Tracker Mitten,8,33.33,25.0,0,1,279
Black Dragon Tracker Mitten,9,33.33,25.0,0,1,413
Black Dragon Tracker Mitten,10,33.33,25.0,0,1,620
Black Dragon Tracker Mitten,11,33.33,25.0,0,1,744
Black Dragon Tracker Mitten,12,33.33,25.0,0,2,868
Black Dragon Tracker Mitten,13,15.0,25.0,1,2,1033
Black Dragon Tracker Mitten,14,5.0,25.0,1,2,1550
Black Dragon Tracker Mitten,15,1.0,25.0,1,2,2480
Black Dragon Tracker Booties,1,100.0,0.0,0,0,2
Black Dragon Tracker Booties,2,100.0,0.0,0,0,7
Black Dragon Tracker Booties,3,100.0,0.0,0,0,17
Black Dragon Tracker Booties,4,100.0,0.0,0,0,35
Black Dragon Tracker Booties,5,100.0,0.0,0,0,70
Black Dragon Tracker Booties,6,100.0,0.0,0,0,140
Black Dragon Tracker Booties,7,33.33,25.0,0,1,210
Black Dragon Tracker Booties,8,33.33,25.0,0,1,315
Black Dragon Tracker Booties,9,33.33,25.0,0,1,467
Black Dragon Tracker Booties,10,33.33,25.0,0,1,700
Black Dragon Tracker Booties,11,33.33,25.0,0,1,840
Black Dragon Tracker Booties,12,33.33,25.0,0,2,980
Black Dragon Tracker Booties,13,15.0,25.0,1,2,1167
Black Dragon Tracker Booties,14,5.0,25.0,1,2,1751
Black Dragon Tracker Booties,15,1.0,25.0,1,2,2802
Black Dragon Tracker Longbow,1,100.0,0.0,0,0,23
Black Dragon Tracker Longbow,2,100.0,0.0,0,0,70
Black Dragon Tracker Longbow,3,100.0,0.0,0,0,175
Black Dragon Tracker Longbow,4,100.0,0.0,0,0,350
Black Dragon Tracker Longbow,5,100.0,0.0,0,0,700
Black Dragon Tracker Longbow,6,100.0,0.0,0,0,1401
Black Dragon Tracker Longbow,7,33.33,25.0,0,1,2102
Black Dragon Tracker Longbow,8,33.33,25.0,0,1,3153
Black Dragon Tracker Longbow,9,33.33,25.0,0,1,4671
Black Dragon Tracker Longbow,10,33.33,25.0,0,1,7006
Black Dragon Tracker Longbow,11,33.33,25.0,0,1,8408
Black Dragon Tracker Longbow,12,33.33,25.0,0,2,9809
Black Dragon Tracker Longbow,13,15.0,25.0,1,2,11678
Black Dragon Tracker Longbow,14,5.0,25.0,1,2,17517
Black Dragon Tracker Longbow,15,1.0,25.0,1,2,28027
Black Dragon Tracker Crossbow,1,100.0,0.0,0,0,23
Black Dragon Tracker Crossbow,2,100.0,0.0,0,0,70
Black Dragon Tracker Crossbow,3,100.0,0.0,0,0,175
Black Dragon Tracker Crossbow,4,100.0,0.0,0,0,350
Black Dragon Tracker Crossbow,5,100.0,0.0,0,0,700
Black Dragon Tracker Crossbow,6,100.0,0.0,0,0,1401
Black Dragon Tracker Crossbow,7,33.33,25.0,0,1,2102
Black Dragon Tracker Crossbow,8,33.33,25.0,0,1,3153
Black Dragon Tracker Crossbow,9,33.33,25.0,0,1,4671
Black Dragon Tracker Crossbow,10,33.33,25.0,0,1,7006
Black Dragon Tracker Crossbow,11,33.33,25.0,0,1,8408
Black Dragon Tracker Crossbow,12,33.33,25.0,0,2,9809
Black Dragon Tracker Crossbow,13,15.0,25.0,1,2,11678
Black Dragon Tracker Crossbow,14,5.0,25.0,1,2,17517
Black Dragon Tracker Crossbow,15,1.0,25.0,1,2,28027
Black Dragon Tracker Quiver,1,100.0,0.0,0,0,10
Black Dragon Tracker Quiver,2,100.0,0.0,0,0,31
Black Dragon Tracker Quiver,3,100.0,0.0,0,0,77
Black Dragon Tracker Quiver,4,100.0,0.0,0,0,155
Black Dragon Tracker Quiver,5,100.0,0.0,0,0,310
Black Dragon Tracker Quiver,6,100.0,0.0,0,0,620
Black Dragon Tracker Quiver,7,33.33,25.0,0,1,930
Black Dragon Tracker Quiver,8,33.33,25.0,0,1,1395
Black Dragon Tracker Quiver,9,33.33,25.0,0,1,2066
Black Dragon Tracker Quiver,10,33.33,25.0,0,1,3100
Black Dragon Tracker Quiver,11,33.33,25.0,0,1,3720
Black Dragon Tracker Quiver,12,33.33,25.0,0,2,4340
Black Dragon Tracker Quiver,13,15.0,25.0,1,2,5167
Black Dragon Tracker Quiver,14,5.0,25.0,1,2,7751
Black Dragon Tracker Quiver,15,1.0,25.0,1,2,12401
Black Dragon Troublemaker Headband,1,100.0,0.0,0,0,3
Black Dragon Troublemaker Headband,2,100.0,0.0,0,0,10
Black Dragon Troublemaker Headband,3,100.0,0.0,0,0,27
Black Dragon Troublemaker Headband,4,100.0,0.0,0,0,54
Black Dragon Troublemaker Headband,5,100.0,0.0,0,0,108
Black Dragon Troublemaker Headband,6,100.0,0.0,0,0,217
Black Dragon Troublemaker Headband,7,33.33,25.0,0,1,325
Black Dragon Troublemaker Headband,8,33.33,25.0,0,1,488
Black Dragon Troublemaker Headband,9,33.33,25.0,0,1,723
Black Dragon Troublemaker Headband,10,33.33,25.0,0,1,1085
Black Dragon Troublemaker Headband,11,33.33,25.0,0,1,1302
Black Dragon Troublemaker Headband,12,33.33,25.0,0,2,1519
Black Dragon Troublemaker Headband,13,15.0,25.0,1,2,1808
Black Dragon Troublemaker Headband,14,5.0,25.0,1,2,2712
Black Dragon Troublemaker Headband,15,1.0,25.0,1,2,4340
Black Dragon Troublemaker Onesie,1,100.0,0.0,0,0,7
Black Dragon Troublemaker Onesie,2,100.0,0.0,0,0,21
Black Dragon Troublemaker Onesie,3,100.0,0.0,0,0,54
Black Dragon Troublemaker Onesie,4,100.0,0.0,0,0,108
Black Dragon Troublemaker Onesie,5,100.0,0.0,0,0,217
Black Dragon Troublemaker Onesie,6,100.0,0.0,0,0,434
Black Dragon Troublemaker Onesie,7,33.33,25.0,0,1,651
Black Dragon Troublemaker Onesie,8,33.33,25.0,0,1,976
Black Dragon Troublemaker Onesie,9,33.33,25.0,0,1,1446
Black Dragon Troublemaker Onesie,10,33.33,25.0,0,1,2170
Black Dragon Troublemaker Onesie,11,33.33,25.0,0,1,2604
Black Dragon Troublemaker Onesie,12,33.33,25.0,0,2,3038
Black Dragon Troublemaker Onesie,13,15.0,25.0,1,2,3617
Black Dragon Troublemaker Onesie,14,5.0,25.0,1,2,5425
Black Dragon Troublemaker Onesie,15,1.0,25.0,1,2,8681
Black Dragon Troublemaker Leggings,1,100.0,0.0,0,0,6
Black Dragon Troublemaker Leggings,2,100.0,0.0,0,0,19
Black Dragon Troublemaker Leggings,3,100.0,0.0,0,0,48
Black Dragon Troublemaker Leggings,4,100.0,0.0,0,0,96
Black Dragon Troublemaker Leggings,5,100.0,0.0,0,0,192
Black Dragon Troublemaker Leggings,6,100.0,0.0,0,0,385
Black Dragon Troublemaker Leggings,7,33.33,25.0,0,1,578
Black Dragon Troublemaker Leggings,8,33.33,25.0,0,1,867
Black Dragon Troublemaker Leggings,9,33.33,25.0,0,1,1284
Black Dragon Troublemaker Leggings,10,33.33,25.0,0,1,1926
Black Dragon Troublemaker Leggings,11,33.33,25.0,0,1,2312
Black Dragon Troublemaker Leggings,12,33.33,25.0,0,2,2697
Black Dragon Troublemaker Leggings,13,15.0,25.0,1,2,3211
Black Dragon Troublemaker Leggings,14,5.0,25.0,1,2,4817
Black Dragon Troublemaker Leggings,15,1.0,25.0,1,2,7707
Black Dragon Troublemaker Mitten,1,100.0,0.0,0,0,2
Black Dragon Troublemaker Mitten,2,100.0,0.0,0,0,6
Black Dragon Troublemaker Mitten,3,100.0,0.0,0,0,15
Black Dragon Troublemaker Mitten,4,100.0,0.0,0,0,31
Black Dragon Troublemaker Mitten,5,100.0,0.0,0,0,62
Black Dragon Troublemaker Mitten,6,100.0,0.0,0,0,124
Black Dragon Troublemaker Mitten,7,33.33,25.0,0,1,186
Black Dragon Troublemaker Mitten,8,33.33,25.0,0,1,279
Black Dragon Troublemaker Mitten,9,33.33,25.0,0,1,413
Black Dragon Troublemaker Mitten,10,33.33,25.0,0,1,620
Black Dragon Troublemaker Mitten,11,33.33,25.0,0,1,744
Black Dragon Troublemaker Mitten,12,33.33,25.0,0,2,868
Black Dragon Troublemaker Mitten,13,15.0,25.0,1,2,1033
Black Dragon Troublemaker Mitten,14,5.0,25.0,1,2,1550
Black Dragon Troublemaker Mitten,15,1.0,25.0,1,2,2480
Black Dragon Troublemaker Booties,1,100.0,0.0,0,0,2
Black Dragon Troublemaker Booties,2,100.0,0.0,0,0,6
Black Dragon Troublemaker Booties,3,100.0,0.0,0,0,15
Black Dragon Troublemaker Booties,4,100.0,0.0,0,0,31
Black Dragon Troublemaker Booties,5,100.0,0.0,0,0,62
Black Dragon Troublemaker Booties,6,100.0,0.0,0,0,124
Black Dragon Troublemaker Booties,7,33.33,25.0,0,1,186
Black Dragon Troublemaker Booties,8,33.33,25.0,0,1,279
Black Dragon Troublemaker Booties,9,33.33,25.0,0,1,413
Black Dragon Troublemaker Booties,10,33.33,25.0,0,1,620
Black Dragon Troublemaker Booties,11,33.33,25.0,0,1,744
Black Dragon Troublemaker Booties,12,33.33,25.0,0,2,868
Black Dragon Troublemaker Booties,13,15.0,25.0,1,2,1033
Black Dragon Troublemaker Booties,14,5.0,25.0,1,2,1550
Black Dragon Troublemaker Booties,15,1.0,25.0,1,2,2480
Black Dragon Troublemaker Shortbow,1,100.0,0.0,0,0,23
Black Dragon Troublemaker Shortbow,2,100.0,0.0,0,0,70
Black Dragon Troublemaker Shortbow,3,100.0,0.0,0,0,175
Black Dragon Troublemaker Shortbow,4,100.0,0.0,0,0,350
Black Dragon Troublemaker Shortbow,5,100.0,0.0,0,0,700
Black Dragon Troublemaker Shortbow,6,100.0,0.0,0,0,1401
Black Dragon Troublemaker Shortbow,7,33.33,25.0,0,1,2102
Black Dragon Troublemaker Shortbow,8,33.33,25.0,0,1,3153
Black Dragon Troublemaker Shortbow,9,33.33,25.0,0,1,4671
Black Dragon Troublemaker Shortbow,10,33.33,25.0,0,1,7006
Black Dragon Troublemaker Shortbow,11,33.33,25.0,0,1,8408
Black Dragon Troublemaker Shortbow,12,33.33,25.0,0,2,9809
Black Dragon Troublemaker Shortbow,13,15.0,25.0,1,2,11678
Black Dragon Troublemaker Shortbow,14,5.0,25.0,1,2,17517
Black Dragon Troublemaker Shortbow,15,1.0,25.0,1,2,28027
Black Dragon Troublemaker Quiver,1,100.0,0.0,0,0,11
Black Dragon Troublemaker Quiver,2,100.0,0.0,0,0,35
Black Dragon Troublemaker Quiver,3,100.0,0.0,0,0,87
Black Dragon Troublemaker Quiver,4,100.0,0.0,0,0,175
Black Dragon Troublemaker Quiver,5,100.0,0.0,0,0,350
Black Dragon Troublemaker Quiver,6,100.0,0.0,0,0,700
Black Dragon Troublemaker Quiver,7,33.33,25.0,0,1,1051
Black Dragon Troublemaker Quiver,8,33.33,25.0,0,1,1576
Black Dragon Troublemaker Quiver,9,33.33,25.0,0,1,2335
Black Dragon Troublemaker Quiver,10,33.33,25.0,0,1,3503
Black Dragon Troublemaker Quiver,11,33.33,25.0,0,1,4204
Black Dragon Troublemaker Quiver,12,33.33,25.0,0,2,4904
Black Dragon Troublemaker Quiver,13,15.0,25.0,1,2,5839
Black Dragon Troublemaker Quiver,14,5.0,25.0,1,2,8758
Black Dragon Troublemaker Quiver,15,1.0,25.0,1,2,14013
Black Dragon Terminator Tiara,1,100.0,0.0,0,0,3
Black Dragon Terminator Tiara,2,100.0,0.0,0,0,10
Black Dragon Terminator Tiara,3,100.0,0.0,0,0,27
Black Dragon Terminator Tiara,4,100.0,0.0,0,0,54
Black Dragon Terminator Tiara,5,100.0,0.0,0,0,108
Black Dragon Terminator Tiara,6,100.0,0.0,0,0,217
Black Dragon Terminator Tiara,7,33.33,25.0,0,1,325
Black Dragon Terminator Tiara,8,33.33,25.0,0,1,488
Black Dragon Terminator Tiara,9,33.33,25.0,0,1,723
Black Dragon Terminator Tiara,10,33.33,25.0,0,1,1085
Black Dragon Terminator Tiara,11,33.33,25.0,0,1,1302
Black Dragon Terminator Tiara,12,33.33,25.0,0,2,1519
Black Dragon Terminator Tiara,13,15.0,25.0,1,2,1808
Black Dragon Terminator Tiara,14,5.0,25.0,1,2,2712
Black Dragon Terminator Tiara,15,1.0,25.0,1,2,4340
Black Dragon Terminator Robe,1,100.0,0.0,0,0,8
Black Dragon Terminator Robe,2,100.0,0.0,0,0,24
Black Dragon Terminator Robe,3,100.0,0.0,0,0,61
Black Dragon Terminator Robe,4,100.0,0.0,0,0,122
Black Dragon Terminator Robe,5,100.0,0.0,0,0,245
Black Dragon Terminator Robe,6,100.0,0.0,0,0,490
Black Dragon Terminator Robe,7,33.33,25.0,0,1,735
Black Dragon Terminator Robe,8,33.33,25.0,0,1,1103
Black Dragon Terminator Robe,9,33.33,25.0,0,1,1634
Black Dragon Terminator Robe,10,33.33,25.0,0,1,2452
Black Dragon Terminator Robe,11,33.33,25.0,0,1,2942
Black Dragon Terminator Robe,12,33.33,25.0,0,2,3433
Black Dragon Terminator Robe,13,15.0,25.0,1,2,4087
Black Dragon Terminator Robe,14,5.0,25.0,1,2,6131
Black Dragon Terminator Robe,15,1.0,25.0,1,2,9809
Black Dragon Terminator Tights,1,100.0,0.0,0,0,5
Black Dragon Terminator Tights,2,100.0,0.0,0,0,17
Black Dragon Terminator Tights,3,100.0,0.0,0,0,42
Black Dragon Terminator Tights,4,100.0,0.0,0,0,85
Black Dragon Terminator Tights,5,100.0,0.0,0,0,170
Black Dragon Terminator Tights,6,100.0,0.0,0,0,341
Black Dragon Terminator Tights,7,33.33,25.0,0,1,511
Black Dragon Terminator Tights,8,33.33,25.0,0,1,767
Black Dragon Terminator Tights,9,33.33,25.0,0,1,1136
Black Dragon Terminator Tights,10,33.33,25.0,0,1,1705
Black Dragon Terminator Tights,11,33.33,25.0,0,1,2046
Black Dragon Terminator Tights,12,33.33,25.0,0,2,2387
Black Dragon Terminator Tights,13,15.0,25.0,1,2,2842
Black Dragon Terminator Tights,14,5.0,25.0,1,2,4263
Black Dragon Terminator Tights,15,1.0,25.0,1,2,6820
Black Dragon Terminator Muff,1,100.0,0.0,0,0,2
Black Dragon Terminator Muff,2,100.0,0.0,0,0,6
Black Dragon Terminator Muff,3,100.0,0.0,0,0,15
Black Dragon Terminator Muff,4,100.0,0.0,0,0,31
Black Dragon Terminator Muff,5,100.0,0.0,0,0,62
Black Dragon Terminator Muff,6,100.0,0.0,0,0,124
Black Dragon Terminator Muff,7,33.33,25.0,0,1,186
Black Dragon Terminator Muff,8,33.33,25.0,0,1,279
Black Dragon Terminator Muff,9,33.33,25.0,0,1,413
Black Dragon Terminator Muff,10,33.33,25.0,0,1,620
Black Dragon Terminator Muff,11,33.33,25.0,0,1,744
Black Dragon Terminator Muff,12,33.33,25.0,0,2,868
Black Dragon Terminator Muff,13,15.0,25.0,1,2,1033
Black Dragon Terminator Muff,14,5.0,25.0,1,2,1550
Black Dragon Terminator Muff,15,1.0,25.0,1,2,2480
Black Dragon Terminator Heels,1,100.0,0.0,0,0,2
Black Dragon Terminator Heels,2,100.0,0.0,0,0,7
Black Dragon Terminator Heels,3,100.0,0.0,0,0,17
Black Dragon Terminator Heels,4,100.0,0.0,0,0,35
Black Dragon Terminator Heels,5,100.0,0.0,0,0,70
Black Dragon Terminator Heels,6,100.0,0.0,0,0,140
Black Dragon Terminator Heels,7,33.33,25.0,0,1,210
Black Dragon Terminator Heels,8,33.33,25.0,0,1,315
Black Dragon Terminator Heels,9,33.33,25.0,0,1,467
Black Dragon Terminator Heels,10,33.33,25.0,0,1,700
Black Dragon Terminator Heels,11,33.33,25.0,0,1,840
Black Dragon Terminator Heels,12,33.33,25.0,0,2,980
Black Dragon Terminator Heels,13,15.0,25.0,1,2,1167
Black Dragon Terminator Heels,14,5.0,25.0,1,2,1751
Black Dragon Terminator Heels,15,1.0,25.0,1,2,2802
Black Dragon Terminator Staff,1,100.0,0.0,0,0,10
Black Dragon Terminator Staff,2,100.0,0.0,0,0,31
Black Dragon Terminator Staff,3,100.0,0.0,0,0,77
Black Dragon Terminator Staff,4,100.0,0.0,0,0,155
Black Dragon Terminator Staff,5,100.0,0.0,0,0,310
Black Dragon Terminator Staff,6,100.0,0.0,0,0,620
Black Dragon Terminator Staff,7,33.33,25.0,0,1,930
Black Dragon Terminator Staff,8,33.33,25.0,0,1,1395
Black Dragon Terminator Staff,9,33.33,25.0,0,1,2066
Black Dragon Terminator Staff,10,33.33,25.0,0,1,3100
Black Dragon Terminator Staff,11,33.33,25.0,0,1,3720
Black Dragon Terminator Staff,12,33.33,25.0,0,2,4340
Black Dragon Terminator Staff,13,15.0,25.0,1,2,5167
Black Dragon Terminator Staff,14,5.0,25.0,1,2,7751
Black Dragon Terminator Staff,15,1.0,25.0,1,2,12401
Black Dragon Terminator Orb,1,100.0,0.0,0,0,23
Black Dragon Terminator Orb,2,100.0,0.0,0,0,70
Black Dragon Terminator Orb,3,100.0,0.0,0,0,175
Black Dragon Terminator Orb,4,100.0,0.0,0,0,350
Black Dragon Terminator Orb,5,100.0,0.0,0,0,700
Black Dragon Terminator Orb,6,100.0,0.0,0,0,1401
Black Dragon Terminator Orb,7,33.33,25.0,0,1,2102
Black Dragon Terminator Orb,8,33.33,25.0,0,1,3153
Black Dragon Terminator Orb,9,33.33,25.0,0,1,4671
Black Dragon Terminator Orb,10,33.33,25.0,0,1,7006
Black Dragon Terminator Orb,11,33.33,25.0,0,1,8408
Black Dragon Terminator Orb,12,33.33,25.0,0,2,9809
Black Dragon Terminator Orb,13,15.0,25.0,1,2,11678
Black Dragon Terminator Orb,14,5.0,25.0,1,2,17517
Black Dragon Terminator Orb,15,1.0,25.0,1,2,28027
Black Dragon Terminator Spellbook,1,100.0,0.0,0,0,20
Black Dragon Terminator Spellbook,2,100.0,0.0,0,0,62
Black Dragon Terminator Spellbook,3,100.0,0.0,0,0,155
Black Dragon Terminator Spellbook,4,100.0,0.0,0,0,310
Black Dragon Terminator Spellbook,5,100.0,0.0,0,0,620
Black Dragon Terminator Spellbook,6,100.0,0.0,0,0,1240
Black Dragon Terminator Spellbook,7,33.33,25.0,0,1,1860
Black Dragon Terminator Spellbook,8,33.33,25.0,0,1,2790
Black Dragon Terminator Spellbook,9,33.33,25.0,0,1,4133
Black Dragon Terminator Spellbook,10,33.33,25.0,0,1,6200
Black Dragon Terminator Spellbook,11,33.33,25.0,0,1,7441
Black Dragon Terminator Spellbook,12,33.33,25.0,0,2,8681
Black Dragon Terminator Spellbook,13,15.0,25.0,1,2,10334
Black Dragon Terminator Spellbook,14,5.0,25.0,1,2,15502
Black Dragon Terminator Spellbook,15,1.0,25.0,1,2,24803
Black Dragon Terminator Voodoo Doll,1,100.0,0.0,0,0,20
Black Dragon Terminator Voodoo Doll,2,100.0,0.0,0,0,62
Black Dragon Terminator Voodoo Doll,3,100.0,0.0,0,0,155
Black Dragon Terminator Voodoo Doll,4,100.0,0.0,0,0,310
Black Dragon Terminator Voodoo Doll,5,100.0,0.0,0,0,620
Black Dragon Terminator Voodoo Doll,6,100.0,0.0,0,0,1240
Black Dragon Terminator Voodoo Doll,7,33.33,25.0,0,1,1860
Black Dragon Terminator Voodoo Doll,8,33.33,25.0,0,1,2790
Black Dragon Terminator Voodoo Doll,9,33.33,25.0,0,1,4133
Black Dragon Terminator Voodoo Doll,10,33.33,25.0,0,1,6200
Black Dragon Terminator Voodoo Doll,11,33.33,25.0,0,1,7441
Black Dragon Terminator Voodoo Doll,12,33.33,25.0,0,2,8681
Black Dragon Terminator Voodoo Doll,13,15.0,25.0,1,2,10334
Black Dragon Terminator Voodoo Doll,14,5.0,25.0,1,2,15502
Black Dragon Terminator Voodoo Doll,15,1.0,25.0,1,2,24803
Black Dragon Contractor Tiara,1,100.0,0.0,0,0,3
Black Dragon Contractor Tiara,2,100.0,0.0,0,0,10
Black Dragon Contractor Tiara,3,100.0,0.0,0,0,27
Black Dragon Contractor Tiara,4,100.0,0.0,0,0,54
Black Dragon Contractor Tiara,5,100.0,0.0,0,0,108
Black Dragon Contractor Tiara,6,100.0,0.0,0,0,217
Black Dragon Contractor Tiara,7,33.33,25.0,0,1,325
Black Dragon Contractor Tiara,8,33.33,25.0,0,1,488
Black Dragon Contractor Tiara,9,33.33,25.0,0,1,723
Black Dragon Contractor Tiara,10,33.33,25.0,0,1,1085
Black Dragon Contractor Tiara,11,33.33,25.0,0,1,1302
Black Dragon Contractor Tiara,12,33.33,25.0,0,2,1519
Black Dragon Contractor Tiara,13,15.0,25.0,1,2,1808
Black Dragon Contractor Tiara,14,5.0,25.0,1,2,2712
Black Dragon Contractor Tiara,15,1.0,25.0,1,2,4340
Black Dragon Contractor Robe,1,100.0,0.0,0,0,8
Black Dragon Contractor Robe,2,100.0,0.0,0,0,24
Black Dragon Contractor Robe,3,100.0,0.0,0,0,61
Black Dragon Contractor Robe,4,100.0,0.0,0,0,122
Black Dragon Contractor Robe,5,100.0,0.0,0,0,245
Black Dragon Contractor Robe,6,100.0,0.0,0,0,490
Black Dragon Contractor Robe,7,33.33,25.0,0,1,735
Black Dragon Contractor Robe,8,33.33,25.0,0,1,1103
Black Dragon Contractor Robe,9,33.33,25.0,0,1,1634
Black Dragon Contractor Robe,10,33.33,25.0,0,1,2452
Black Dragon Contractor Robe,11,33.33,25.0,0,1,2942
Black Dragon Contractor Robe,12,33.33,25.0,0,2,3433
Black Dragon Contractor Robe,13,15.0,25.0,1,2,4087
Black Dragon Contractor Robe,14,5.0,25.0,1,2,6131
Black Dragon Contractor Robe,15,1.0,25.0,1,2,9809
Black Dragon Contractor Tights,1,100.0,0.0,0,0,5
Black Dragon Contractor Tights,2,100.0,0.0,0,0,17
Black Dragon Contractor Tights,3,100.0,0.0,0,0,42
Black Dragon Contractor Tights,4,100.0,0.0,0,0,85
Black Dragon Contractor Tights,5,100.0,0.0,0,0,170
Black Dragon Contractor Tights,6,100.0,0.0,0,0,341
Black Dragon Contractor Tights,7,33.33,25.0,0,1,511
Black Dragon Contractor Tights,8,33.33,25.0,0,1,767
Black Dragon Contractor Tights,9,33.33,25.0,0,1,1136
Black Dragon Contractor Tights,10,33.33,25.0,0,1,1705
Black Dragon Contractor Tights,11,33.33,25.0,0,1,2046
Black Dragon Contractor Tights,12,33.33,25.0,0,2,2387
Black Dragon Contractor Tights,13,15.0,25.0,1,2,2842
Black Dragon Contractor Tights,14,5.0,25.0,1,2,4263
Black Dragon Contractor Tights,15,1.0,25.0,1,2,6820
Black Dragon Contractor Muff,1,100.0,0.0,0,0,2
Black Dragon Contractor Muff,2,100.0,0.0,0,0,6
Black Dragon Contractor Muff,3,100.0,0.0,0,0,15
Black Dragon Contractor Muff,4,100.0,0.0,0,0,31
Black Dragon Contractor Muff,5,100.0,0.0,0,0,62
Black Dragon Contractor Muff,6,100.0,0.0,0,0,124
Black Dragon Contractor Muff,7,33.33,25.0,0,1,186
Black Dragon Contractor Muff,8,33.33,25.0,0,1,279
Black Dragon Contractor Muff,9,33.33,25.0,0,1,413
Black Dragon Contractor Muff,10,33.33,25.0,0,1,620
Black Dragon Contractor Muff,11,33.33,25.0,0,1,744
Black Dragon Contractor Muff,12,33.33,25.0,0,2,868
Black Dragon Contractor Muff,13,15.0,25.0,1,2,1033
Black Dragon Contractor Muff,14,5.0,25.0,1,2,1550
Black Dragon Contractor Muff,15,1.0,25.0,1,2,2480
Black Dragon Contractor Heels,1,100.0,0.0,0,0,2
Black Dragon Contractor Heels,2,100.0,0.0,0,0,6
Black Dragon Contractor Heels,3,100.0,0.0,0,0,15
Black Dragon Contractor Heels,4,100.0,0.0,0,0,31
Black Dragon Contractor Heels,5,100.0,0.0,0,0,62
Black Dragon Contractor Heels,6,100.0,0.0,0,0,124
Black Dragon Contractor Heels,7,33.33,25.0,0,1,186
Black Dragon Contractor Heels,8,33.33,25.0,0,1,279
Black Dragon Contractor Heels,9,33.33,25.0,0,1,413
Black Dragon Contractor Heels,10,33.33,25.0,0,1,620
Black Dragon Contractor Heels,11,33.33,25.0,0,1,744
Black Dragon Contractor Heels,12,33.33,25.0,0,2,868
Black Dragon Contractor Heels,13,15.0,25.0,1,2,1033
Black Dragon Contractor Heels,14,5.0,25.0,1,2,1550
Black Dragon Contractor Heels,15,1.0,25.0,1,2,2480
Black Dragon Contractor Staff,1,100.0,0.0,0,0,11
Black Dragon Contractor Staff,2,100.0,0.0,0,0,35
Black Dragon Contractor Staff,3,100.0,0.0,0,0,87
Black Dragon Contractor Staff,4,100.0,0.0,0,0,175
Black Dragon Contractor Staff,5,100.0,0.0,0,0,350
Black Dragon Contractor Staff,6,100.0,0.0,0,0,700
Black Dragon Contractor Staff,7,33.33,25.0,0,1,1051
Black Dragon Contractor Staff,8,33.33,25.0,0,1,1576
Black Dragon Contractor Staff,9,33.33,25.0,0,1,2335
Black Dragon Contractor Staff,10,33.33,25.0,0,1,3503
Black Dragon Contractor Staff,11,33.33,25.0,0,1,4204
Black Dragon Contractor Staff,12,33.33,25.0,0,2,4904
Black Dragon Contractor Staff,13,15.0,25.0,1,2,5839
Black Dragon Contractor Staff,14,5.0,25.0,1,2,8758
Black Dragon Contractor Staff,15,1.0,25.0,1,2,14013
Black Dragon Contractor Orb,1,100.0,0.0,0,0,20
Black Dragon Contractor Orb,2,100.0,0.0,0,0,62
Black Dragon Contractor Orb,3,100.0,0.0,0,0,155
Black Dragon Contractor Orb,4,100.0,0.0,0,0,310
Black Dragon Contractor Orb,5,100.0,0.0,0,0,620
Black Dragon Contractor Orb,6,100.0,0.0,0,0,1240
Black Dragon Contractor Orb,7,33.33,25.0,0,1,1860
Black Dragon Contractor Orb,8,33.33,25.0,0,1,2790
Black Dragon Contractor Orb,9,33.33,25.0,0,1,4133
Black Dragon Contractor Orb,10,33.33,25.0,0,1,6200
Black Dragon Contractor Orb,11,33.33,25.0,0,1,7441
Black Dragon Contractor Orb,12,33.33,25.0,0,2,8681
Black Dragon Contractor Orb,13,15.0,25.0,1,2,10334
Black Dragon Contractor Orb,14,5.0,25.0,1,2,15502
Black Dragon Contractor Orb,15,1.0,25.0,1,2,24803
Black Dragon Contractor Spellbook,1,100.0,0.0,0,0,23
Black Dragon Contractor Spellbook,2,100.0,0.0,0,0,70
Black Dragon Contractor Spellbook,3,100.0,0.0,0,0,175
Black Dragon Contractor Spellbook,4,100.0,0.0,0,0,350
Black Dragon Contractor Spellbook,5,100.0,0.0,0,0,700
Black Dragon Contractor Spellbook,6,100.0,0.0,0,0,1401
Black Dragon Contractor Spellbook,7,33.33,25.0,0,1,2102
Black Dragon Contractor Spellbook,8,33.33,25.0,0,1,3153
Black Dragon Contractor Spellbook,9,33.33,25.0,0,1,4671
Black Dragon Contractor Spellbook,10,33.33,25.0,0,1,7006
Black Dragon Contractor Spellbook,11,33.33,25.0,0,1,8408
Black Dragon Contractor Spellbook,12,33.33,25.0,0,2,9809
Black Dragon Contractor Spellbook,13,15.0,25.0,1,2,11678
Black Dragon Contractor Spellbook,14,5.0,25.0,1,2,17517
Black Dragon Contractor Spellbook,15,1.0,25.0,1,2,28027
Black Dragon Contractor Voodoo Doll,1,100.0,0.0,0,0,20
Black Dragon Contractor Voodoo Doll,2,100.0,0.0,0,0,62
Black Dragon Contractor Voodoo Doll,3,100.0,0.0,0,0,155
Black Dragon Contractor Voodoo Doll,4,100.0,0.0,0,0,310
Black Dragon Contractor Voodoo Doll,5,100.0,0.0,0,0,620
Black Dragon Contractor Voodoo Doll,6,100.0,0.0,0,0,1240
Black Dragon Contractor Voodoo Doll,7,33.33,25.0,0,1,1860
Black Dragon Contractor Voodoo Doll,8,33.33,25.0,0,1,2790
Black Dragon Contractor Voodoo Doll,9,33.33,25.0,0,1,4133
Black Dragon Contractor Voodoo Doll,10,33.33,25.0,0,1,6200
Black Dragon Contractor Voodoo Doll,11,33.33,25.0,0,1,7441
Black Dragon Contractor Voodoo Doll,12,33.33,25.0,0,2,8681
Black Dragon Contractor Voodoo Doll,13,15.0,25.0,1,2,10334
Black Dragon Contractor Voodoo Doll,14,5.0,25.0,1,2,15502
Black Dragon Contractor Voodoo Doll,15,1.0,25.0,1,2,24803
Black Dragon Saviour Galero,1,100.0,0.0,0,0,4
Black Dragon Saviour Galero,2,100.0,0.0,0,0,12
Black Dragon Saviour Galero,3,100.0,0.0,0,0,30
Black Dragon Saviour Galero,4,100.0,0.0,0,0,61
Black Dragon Saviour Galero,5,100.0,0.0,0,0,122
Black Dragon Saviour Galero,6,100.0,0.0,0,0,245
Black Dragon Saviour Galero,7,33.33,25.0,0,1,367
Black Dragon Saviour Galero,8,33.33,25.0,0,1,551
Black Dragon Saviour Galero,9,33.33,25.0,0,1,817
Black Dragon Saviour Galero,10,33.33,25.0,0,1,1226
Black Dragon Saviour Galero,11,33.33,25.0,0,1,1471
Black Dragon Saviour Galero,12,33.33,25.0,0,2,1716
Black Dragon Saviour Galero,13,15.0,25.0,1,2,2043
Black Dragon Saviour Galero,14,5.0,25.0,1,2,3065
Black Dragon Saviour Galero,15,1.0,25.0,1,2,4904
Black Dragon Saviour Armour,1,100.0,0.0,0,0,8
Black Dragon Saviour Armour,2,100.0,0.0,0,0,24
Black Dragon Saviour Armour,3,100.0,0.0,0,0,61
Black Dragon Saviour Armour,4,100.0,0.0,0,0,122
Black Dragon Saviour Armour,5,100.0,0.0,0,0,245
Black Dragon Saviour Armour,6,100.0,0.0,0,0,490
Black Dragon Saviour Armour,7,33.33,25.0,0,1,735
Black Dragon Saviour Armour,8,33.33,25.0,0,1,1103
Black Dragon Saviour Armour,9,33.33,25.0,0,1,1634
Black Dragon Saviour Armour,10,33.33,25.0,0,1,2452
Black Dragon Saviour Armour,11,33.33,25.0,0,1,2942
Black Dragon Saviour Armour,12,33.33,25.0,0,2,3433
Black Dragon Saviour Armour,13,15.0,25.0,1,2,4087
Black Dragon Saviour Armour,14,5.0,25.0,1,2,6131
Black Dragon Saviour Armour,15,1.0,25.0,1,2,9809
Black Dragon Saviour Trousers,1,100.0,0.0,0,0,5
Black Dragon Saviour Trousers,2,100.0,0.0,0,0,17
Black Dragon Saviour Trousers,3,100.0,0.0,0,0,42
Black Dragon Saviour Trousers,4,100.0,0.0,0,0,85
Black Dragon Saviour Trousers,5,100.0,0.0,0,0,170
Black Dragon Saviour Trousers,6,100.0,0.0,0,0,341
Black Dragon Saviour Trousers,7,33.33,25.0,0,1,511
Black Dragon Saviour Trousers,8,33.33,25.0,0,1,767
Black Dragon Saviour Trousers,9,33.33,25.0,0,1,1136
Black Dragon Saviour Trousers,10,33.33,25.0,0,1,1705
Black Dragon Saviour Trousers,11,33.33,25.0,0,1,2046
Black Dragon Saviour Trousers,12,33.33,25.0,0,2,2387
Black Dragon Saviour Trousers,13,15.0,25.0,1,2,2842
Black Dragon Saviour Trousers,14,5.0,25.0,1,2,4263
Black Dragon Saviour Trousers,15,1.0,25.0,1,2,6820
Black Dragon Saviour Cuffs,1,100.0,0.0,0,0,2
Black Dragon Saviour Cuffs,2,100.0,0.0,0,0,7
Black Dragon Saviour Cuffs,3,100.0,0.0,0,0,17
Black Dragon Saviour Cuffs,4,100.0,0.0,0,0,35
Black Dragon Saviour Cuffs,5,100.0,0.0,0,0,70
Black Dragon Saviour Cuffs,6,100.0,0.0,0,0,140
Black Dragon Saviour Cuffs,7,33.33,25.0,0,1,210
Black Dragon Saviour Cuffs,8,33.33,25.0,0,1,315
Black Dragon Saviour Cuffs,9,33.33,25.0,0,1,467
Black Dragon Saviour Cuffs,10,33.33,25.0,0,1,700
Black Dragon Saviour Cuffs,11,33.33,25.0,0,1,840
Black Dragon Saviour Cuffs,12,33.33,25.0,0,2,980
Black Dragon Saviour Cuffs,13,15.0,25.0,1,2,1167
Black Dragon Saviour Cuffs,14,5.0,25.0,1,2,1751
Black Dragon Saviour Cuffs,15,1.0,25.0,1,2,2802
Black Dragon Saviour Shoes,1,100.0,0.0,0,0,2
Black Dragon Saviour Shoes,2,100.0,0.0,0,0,6
Black Dragon Saviour Shoes,3,100.0,0.0,0,0,15
Black Dragon Saviour Shoes,4,100.0,0.0,0,0,31
Black Dragon Saviour Shoes,5,100.0,0.0,0,0,62
Black Dragon Saviour Shoes,6,100.0,0.0,0,0,124
Black Dragon Saviour Shoes,7,33.33,25.0,0,1,186
Black Dragon Saviour Shoes,8,33.33,25.0,0,1,279
Black Dragon Saviour Shoes,9,33.33,25.0,0,1,413
Black Dragon Saviour Shoes,10,33.33,25.0,0,1,620
Black Dragon Saviour Shoes,11,33.33,25.0,0,1,744
Black Dragon Saviour Shoes,12,33.33,25.0,0,2,868
Black Dragon Saviour Shoes,13,15.0,25.0,1,2,1033
Black Dragon Saviour Shoes,14,5.0,25.0,1,2,1550
Black Dragon Saviour Shoes,15,1.0,25.0,1,2,2480
Black Dragon Saviour Wand,1,100.0,0.0,0,0,20
Black Dragon Saviour Wand,2,100.0,0.0,0,0,62
Black Dragon Saviour Wand,3,100.0,0.0,0,0,155
Black Dragon Saviour Wand,4,100.0,0.0,0,0,310
Black Dragon Saviour Wand,5,100.0,0.0,0,0,620
Black Dragon Saviour Wand,6,100.0,0.0,0,0,1240
Black Dragon Saviour Wand,7,33.33,25.0,0,1,1860
Black Dragon Saviour Wand,8,33.33,25.0,0,1,2790
Black Dragon Saviour Wand,9,33.33,25.0,0,1,4133
Black Dragon Saviour Wand,10,33.33,25.0,0,1,6200
Black Dragon Saviour Wand,11,33.33,25.0,0,1,7441
Black Dragon Saviour Wand,12,33.33,25.0,0,2,8681
Black Dragon Saviour Wand,13,15.0,25.0,1,2,10334
Black Dragon Saviour Wand,14,5.0,25.0,1,2,15502
Black Dragon Saviour Wand,15,1.0,25.0,1,2,24803
Black Dragon Saviour Shield,1,100.0,0.0,0,0,10
Black Dragon Saviour Shield,2,100.0,0.0,0,0,31
Black Dragon Saviour Shield,3,100.0,0.0,0,0,77
Black Dragon Saviour Shield,4,100.0,0.0,0,0,155
Black Dragon Saviour Shield,5,100.0,0.0,0,0,310
Black Dragon Saviour Shield,6,100.0,0.0,0,0,620
Black Dragon Saviour Shield,7,33.33,25.0,0,1,930
Black Dragon Saviour Shield,8,33.33,25.0,0,1,1395
Black Dragon Saviour Shield,9,33.33,25.0,0,1,2066
Black Dragon Saviour Shield,10,33.33,25.0,0,1,3100
Black Dragon Saviour Shield,11,33.33,25.0,0,1,3720
Black Dragon Saviour Shield,12,33.33,25.0,0,2,4340
Black Dragon Saviour Shield,13,15.0,25.0,1,2,5167
Black Dragon Saviour Shield,14,5.0,25.0,1,2,7751
Black Dragon Saviour Shield,15,1.0,25.0,1,2,12401
Black Dragon Guardian Knight Galero,1,100.0,0.0,0,0,4
Black Dragon Guardian Knight Galero,2,100.0,0.0,0,0,12
Black Dragon Guardian Knight Galero,3,100.0,0.0,0,0,30
Black Dragon Guardian Knight Galero,4,100.0,0.0,0,0,61
Black Dragon Guardian Knight Galero,5,100.0,0.0,0,0,122
Black Dragon Guardian Knight Galero,6,100.0,0.0,0,0,245
Black Dragon Guardian Knight Galero,7,33.33,25.0,0,1,367
Black Dragon Guardian Knight Galero,8,33.33,25.0,0,1,551
Black Dragon Guardian Knight Galero,9,33.33,25.0,0,1,817
Black Dragon Guardian Knight Galero,10,33.33,25.0,0,1,1226
Black Dragon Guardian Knight Galero,11,33.33,25.0,0,1,1471
Black Dragon Guardian Knight Galero,12,33.33,25.0,0,2,1716
Black Dragon Guardian Knight Galero,13,15.0,25.0,1,2,2043
Black Dragon Guardian Knight Galero,14,5.0,25.0,1,2,3065
Black Dragon Guardian Knight Galero,15,1.0,25.0,1,2,4904
Black Dragon Guardian Knight Armour,1,100.0,0.0,0,0,8
Black Dragon Guardian Knight Armour,2,100.0,0.0,0,0,24
Black Dragon Guardian Knight Armour,3,100.0,0.0,0,0,61
Black Dragon Guardian Knight Armour,4,100.0,0.0,0,0,122
Black Dragon Guardian Knight Armour,5,100.0,0.0,0,0,245
Black Dragon Guardian Knight Armour,6,100.0,0.0,0,0,490
Black Dragon Guardian Knight Armour,7,33.33,25.0,0,1,735
Black Dragon Guardian Knight Armour,8,33.33,25.0,0,1,1103
Black Dragon Guardian Knight Armour,9,33.33,25.0,0,1,1634
Black Dragon Guardian Knight Armour,10,33.33,25.0,0,1,2452
Black Dragon Guardian Knight Armour,11,33.33,25.0,0,1,2942
Black Dragon Guardian Knight Armour,12,33.33,25.0,0,2,3433
Black Dragon Guardian Knight Armour,13,15.0,25.0,1,2,4087
Black Dragon Guardian Knight Armour,14,5.0,25.0,1,2,6131
Black Dragon Guardian Knight Armour,15,1.0,25.0,1,2,9809
Black Dragon Guardian Knight Trousers,1,100.0,0.0,0,0,6
Black Dragon Guardian Knight Trousers,2,100.0,0.0,0,0,19
Black Dragon Guardian Knight Trousers,3,100.0,0.0,0,0,48
Black Dragon Guardian Knight Trousers,4,100.0,0.0,0,0,96
Black Dragon Guardian Knight Trousers,5,100.0,0.0,0,0,192
Black Dragon Guardian Knight Trousers,6,100.0,0.0,0,0,385
Black Dragon Guardian Knight Trousers,7,33.33,25.0,0,1,578
Black Dragon Guardian Knight Trousers,8,33.33,25.0,0,1,867
Black Dragon Guardian Knight Trousers,9,33.33,25.0,0,1,1284
Black Dragon Guardian Knight Trousers,10,33.33,25.0,0,1,1926
Black Dragon Guardian Knight Trousers,11,33.33,25.0,0,1,2312
Black Dragon Guardian Knight Trousers,12,33.33,25.0,0,2,2697
Black Dragon Guardian Knight Trousers,13,15.0,25.0,1,2,3211
Black Dragon Guardian Knight Trousers,14,5.0,25.0,1,2,4817
Black Dragon Guardian Knight Trousers,15,1.0,25.0,1,2,7707
Black Dragon Guardian Knight Cuffs,1,100.0,0.0,0,0,2
Black Dragon Guardian Knight Cuffs,2,100.0,0.0,0,0,7
Black Dragon Guardian Knight Cuffs,3,100.0,0.0,0,0,17
Black Dragon Guardian Knight Cuffs,4,100.0,0.0,0,0,35
Black Dragon Guardian Knight Cuffs,5,100.0,0.0,0,0,70
Black Dragon Guardian Knight Cuffs,6,100.0,0.0,0,0,140
Black Dragon Guardian Knight Cuffs,7,33.33,25.0,0,1,210
Black Dragon Guardian Knight Cuffs,8,33.33,25.0,0,1,315
Black Dragon Guardian Knight Cuffs,9,33.33,25.0,0,1,467
Black Dragon Guardian Knight Cuffs,10,33.33,25.0,0,1,700
Black Dragon Guardian Knight Cuffs,11,33.33,25.0,0,1,840
Black Dragon Guardian Knight Cuffs,12,33.33,25.0,0,2,980
Black Dragon Guardian Knight Cuffs,13,15.0,25.0,1,2,1167
Black Dragon Guardian Knight Cuffs,14,5.0,25.0,1,2,1751
Black Dragon Guardian Knight Cuffs,15,1.0,25.0,1,2,2802
Black Dragon Guardian Knight Shoes,1,100.0,0.0,0,0,2
Black Dragon Guardian Knight Shoes,2,100.0,0.0,0,0,7
Black Dragon Guardian Knight Shoes,3,100.0,0.0,0,0,17
Black Dragon Guardian Knight Shoes,4,100.0,0.0,0,0,35
Black Dragon Guardian Knight Shoes,5,100.0,0.0,0,0,70
Black Dragon Guardian Knight Shoes,6,100.0,0.0,0,0,140
Black Dragon Guardian Knight Shoes,7,33.33,25.0,0,1,210
Black Dragon Guardian Knight Shoes,8,33.33,25.0,0,1,315
Black Dragon Guardian Knight Shoes,9,33.33,25.0,0,1,467
Black Dragon Guardian Knight Shoes,10,33.33,25.0,0,1,700
Black Dragon Guardian Knight Shoes,11,33.33,25.0,0,1,840
Black Dragon Guardian Knight Shoes,12,33.33,25.0,0,2,980
Black Dragon Guardian Knight Shoes,13,15.0,25.0,1,2,1167
Black Dragon Guardian Knight Shoes,14,5.0,25.0,1,2,1751
Black Dragon Guardian Knight Shoes,15,1.0,25.0,1,2,2802
Black Dragon Guardian Knight Flail,1,100.0,0.0,0,0,20
Black Dragon Guardian Knight Flail,2,100.0,0.0,0,0,62
Black Dragon Guardian Knight Flail,3,100.0,0.0,0,0,155
Black Dragon Guardian Knight Flail,4,100.0,0.0,0,0,310
Black Dragon Guardian Knight Flail,5,100.0,0.0,0,0,620
Black Dragon Guardian Knight Flail,6,100.0,0.0,0,0,1240
Black Dragon Guardian Knight Flail,7,33.33,25.0,0,1,1860
Black Dragon Guardian Knight Flail,8,33.33,25.0,0,1,2790
Black Dragon Guardian Knight Flail,9,33.33,25.0,0,1,4133
Black Dragon Guardian Knight Flail,10,33.33,25.0,0,1,6200
Black Dragon Guardian Knight Flail,11,33.33,25.0,0,1,7441
Black Dragon Guardian Knight Flail,12,33.33,25.0,0,2,8681
Black Dragon Guardian Knight Flail,13,15.0,25.0,1,2,10334
Black Dragon Guardian Knight Flail,14,5.0,25.0,1,2,15502
Black Dragon Guardian Knight Flail,15,1.0,25.0,1,2,24803
Black Dragon Guardian Knight Mace,1,100.0,0.0,0,0,20
Black Dragon Guardian Knight Mace,2,100.0,0.0,0,0,62
Black Dragon Guardian Knight Mace,3,100.0,0.0,0,0,155
Black Dragon Guardian Knight Mace,4,100.0,0.0,0,0,310
Black Dragon Guardian Knight Mace,5,100.0,0.0,0,0,620
Black Dragon Guardian Knight Mace,6,100.0,0.0,0,0,1240
Black Dragon Guardian Knight Mace,7,33.33,25.0,0,1,1860
Black Dragon Guardian Knight Mace,8,33.33,25.0,0,1,2790
Black Dragon Guardian Knight Mace,9,33.33,25.0,0,1,4133
Black Dragon Guardian Knight Mace,10,33.33,25.0,0,1,6200
Black Dragon Guardian Knight Mace,11,33.33,25.0,0,1,7441
Black Dragon Guardian Knight Mace,12,33.33,25.0,0,2,8681
Black Dragon Guardian Knight Mace,13,15.0,25.0,1,2,10334
Black Dragon Guardian Knight Mace,14,5.0,25.0,1,2,15502
Black Dragon Guardian Knight Mace,15,1.0,25.0,1,2,24803
Black Dragon Guardian Knight Shield,1,100.0,0.0,0,0,11
Black Dragon Guardian Knight Shield,2,100.0,0.0,0,0,35
Black Dragon Guardian Knight Shield,3,100.0,0.0,0,0,87
Black Dragon Guardian Knight Shield,4,100.0,0.0,0,0,175
Black Dragon Guardian Knight Shield,5,100.0,0.0,0,0,350
Black Dragon Guardian Knight Shield,6,100.0,0.0,0,0,700
Black Dragon Guardian Knight Shield,7,33.33,25.0,0,1,1051
Black Dragon Guardian Knight Shield,8,33.33,25.0,0,1,1576
Black Dragon Guardian Knight Shield,9,33.33,25.0,0,1,2335
Black Dragon Guardian Knight Shield,10,33.33,25.0,0,1,3503
Black Dragon Guardian Knight Shield,11,33.33,25.0,0,1,4204
Black Dragon Guardian Knight Shield,12,33.33,25.0,0,2,4904
Black Dragon Guardian Knight Shield,13,15.0,25.0,1,2,5839
Black Dragon Guardian Knight Shield,14,5.0,25.0,1,2,8758
Black Dragon Guardian Knight Shield,15,1.0,25.0,1,2,14013
Black Dragon Changer Beret,1,100.0,0.0,0,0,3
Black Dragon Changer Beret,2,100.0,0.0,0,0,10
Black Dragon Changer Beret,3,100.0,0.0,0,0,27
Black Dragon Changer Beret,4,100.0,0.0,0,0,54
Black Dragon Changer Beret,5,100.0,0.0,0,0,108
Black Dragon Changer Beret,6,100.0,0.0,0,0,217
Black Dragon Changer Beret,7,33.33,25.0,0,1,325
Black Dragon Changer Beret,8,33.33,25.0,0,1,488
Black Dragon Changer Beret,9,33.33,25.0,0,1,723
Black Dragon Changer Beret,10,33.33,25.0,0,1,1085
Black Dragon Changer Beret,11,33.33,25.0,0,1,1302
Black Dragon Changer Beret,12,33.33,25.0,0,2,1519
Black Dragon Changer Beret,13,15.0,25.0,1,2,1808
Black Dragon Changer Beret,14,5.0,25.0,1,2,2712
Black Dragon Changer Beret,15,1.0,25.0,1,2,4340
Black Dragon Changer Tunic,1,100.0,0.0,0,0,8
Black Dragon Changer Tunic,2,100.0,0.0,0,0,24
Black Dragon Changer Tunic,3,100.0,0.0,0,0,61
Black Dragon Changer Tunic,4,100.0,0.0,0,0,122
Black Dragon Changer Tunic,5,100.0,0.0,0,0,245
Black Dragon Changer Tunic,6,100.0,0.0,0,0,490
Black Dragon Changer Tunic,7,33.33,25.0,0,1,735
Black Dragon Changer Tunic,8,33.33,25.0,0,1,1103
Black Dragon Changer Tunic,9,33.33,25.0,0,1,1634
Black Dragon Changer Tunic,10,33.33,25.0,0,1,2452
Black Dragon Changer Tunic,11,33.33,25.0,0,1,2942
Black Dragon Changer Tunic,12,33.33,25.0,0,2,3433
Black Dragon Changer Tunic,13,15.0,25.0,1,2,4087
Black Dragon Changer Tunic,14,5.0,25.0,1,2,6131
Black Dragon Changer Tunic,15,1.0,25.0,1,2,9809
Black Dragon Changer Slacks,1,100.0,0.0,0,0,5
Black Dragon Changer Slacks,2,100.0,0.0,0,0,17
Black Dragon Changer Slacks,3,100.0,0.0,0,0,42
Black Dragon Changer Slacks,4,100.0,0.0,0,0,85
Black Dragon Changer Slacks,5,100.0,0.0,0,0,170
Black Dragon Changer Slacks,6,100.0,0.0,0,0,341
Black Dragon Changer Slacks,7,33.33,25.0,0,1,511
Black Dragon Changer Slacks,8,33.33,25.0,0,1,767
Black Dragon Changer Slacks,9,33.33,25.0,0,1,1136
Black Dragon Changer Slacks,10,33.33,25.0,0,1,1705
Black Dragon Changer Slacks,11,33.33,25.0,0,1,2046
Black Dragon Changer Slacks,12,33.33,25.0,0,2,2387
Black Dragon Changer Slacks,13,15.0,25.0,1,2,2842
Black Dragon Changer Slacks,14,5.0,25.0,1,2,4263
Black Dragon Changer Slacks,15,1.0,25.0,1,2,6820
Black Dragon Changer Power Mitten,1,100.0,0.0,0,0,2
Black Dragon Changer Power Mitten,2,100.0,0.0,0,0,7
Black Dragon Changer Power Mitten,3,100.0,0.0,0,0,17
Black Dragon Changer Power Mitten,4,100.0,0.0,0,0,35
Black Dragon Changer Power Mitten,5,100.0,0.0,0,0,70
Black Dragon Changer Power Mitten,6,100.0,0.0,0,0,140
Black Dragon Changer Power Mitten,7,33.33,25.0,0,1,210
Black Dragon Changer Power Mitten,8,33.33,25.0,0,1,315
Black Dragon Changer Power Mitten,9,33.33,25.0,0,1,467
Black Dragon Changer Power Mitten,10,33.33,25.0,0,1,700
Black Dragon Changer Power Mitten,11,33.33,25.0,0,1,840
Black Dragon Changer Power Mitten,12,33.33,25.0,0,2,980
Black Dragon Changer Power Mitten,13,15.0,25.0,1,2,1167
Black Dragon Changer Power Mitten,14,5.0,25.0,1,2,1751
Black Dragon Changer Power Mitten,15,1.0,25.0,1,2,2802
Black Dragon Changer Round Shoes,1,100.0,0.0,0,0,2
Black Dragon Changer Round Shoes,2,100.0,0.0,0,0,6
Black Dragon Changer Round Shoes,3,100.0,0.0,0,0,15
Black Dragon Changer Round Shoes,4,100.0,0.0,0,0,31
Black Dragon Changer Round Shoes,5,100.0,0.0,0,0,62
Black Dragon Changer Round Shoes,6,100.0,0.0,0,0,124
Black Dragon Changer Round Shoes,7,33.33,25.0,0,1,186
Black Dragon Changer Round Shoes,8,33.33,25.0,0,1,279
Black Dragon Changer Round Shoes,9,33.33,25.0,0,1,413
Black Dragon Changer Round Shoes,10,33.33,25.0,0,1,620
Black Dragon Changer Round Shoes,11,33.33,25.0,0,1,744
Black Dragon Changer Round Shoes,12,33.33,25.0,0,2,868
Black Dragon Changer Round Shoes,13,15.0,25.0,1,2,1033
Black Dragon Changer Round Shoes,14,5.0,25.0,1,2,1550
Black Dragon Changer Round Shoes,15,1.0,25.0,1,2,2480
Black Dragon Changer Bubble Gun,1,100.0,0.0,0,0,20
Black Dragon Changer Bubble Gun,2,100.0,0.0,0,0,62
Black Dragon Changer Bubble Gun,3,100.0,0.0,0,0,155
Black Dragon Changer Bubble Gun,4,100.0,0.0,0,0,310
Black Dragon Changer Bubble Gun,5,100.0,0.0,0,0,620
Black Dragon Changer Bubble Gun,6,100.0,0.0,0,0,1240
Black Dragon Changer Bubble Gun,7,33.33,25.0,0,1,1860
Black Dragon Changer Bubble Gun,8,33.33,25.0,0,1,2790
Black Dragon Changer Bubble Gun,9,33.33,25.0,0,1,4133
Black Dragon Changer Bubble Gun,10,33.33,25.0,0,1,6200
Black Dragon Changer Bubble Gun,11,33.33,25.0,0,1,7441
Black Dragon Changer Bubble Gun,12,33.33,25.0,0,2,8681
Black Dragon Changer Bubble Gun,13,15.0,25.0,1,2,10334
Black Dragon Changer Bubble Gun,14,5.0,25.0,1,2,15502
Black Dragon Changer Bubble Gun,15,1.0,25.0,1,2,24803
Black Dragon Changer Mecha Glove,1,100.0,0.0,0,0,11
Black Dragon Changer Mecha Glove,2,100.0,0.0,0,0,35
Black Dragon Changer Mecha Glove,3,100.0,0.0,0,0,87
Black Dragon Changer Mecha Glove,4,100.0,0.0,0,0,175
Black Dragon Changer Mecha Glove,5,100.0,0.0,0,0,350
Black Dragon Changer Mecha Glove,6,100.0,0.0,0,0,700
Black Dragon Changer Mecha Glove,7,33.33,25.0,0,1,1051
Black Dragon Changer Mecha Glove,8,33.33,25.0,0,1,1576
Black Dragon Changer Mecha Glove,9,33.33,25.0,0,1,2335
Black Dragon Changer Mecha Glove,10,33.33,25.0,0,1,3503
Black Dragon Changer Mecha Glove,11,33.33,25.0,0,1,4204
Black Dragon Changer Mecha Glove,12,33.33,25.0,0,2,4904
Black Dragon Changer Mecha Glove,13,15.0,25.0,1,2,5839
Black Dragon Changer Mecha Glove,14,5.0,25.0,1,2,8758
Black Dragon Changer Mecha Glove,15,1.0,25.0,1,2,14013
Black Dragon Coordinator Beret,1,100.0,0.0,0,0,4
Black Dragon Coordinator Beret,2,100.0,0.0,0,0,12
Black Dragon Coordinator Beret,3,100.0,0.0,0,0,30
Black Dragon Coordinator Beret,4,100.0,0.0,0,0,61
Black Dragon Coordinator Beret,5,100.0,0.0,0,0,122
Black Dragon Coordinator Beret,6,100.0,0.0,0,0,245
Black Dragon Coordinator Beret,7,33.33,25.0,0,1,367
Black Dragon Coordinator Beret,8,33.33,25.0,0,1,551
Black Dragon Coordinator Beret,9,33.33,25.0,0,1,817
Black Dragon Coordinator Beret,10,33.33,25.0,0,1,1226
Black Dragon Coordinator Beret,11,33.33,25.0,0,1,1471
Black Dragon Coordinator Beret,12,33.33,25.0,0,2,1716
Black Dragon Coordinator Beret,13,15.0,25.0,1,2,2043
Black Dragon Coordinator Beret,14,5.0,25.0,1,2,3065
Black Dragon Coordinator Beret,15,1.0,25.0,1,2,4904
Black Dragon Coordinator Tunic,1,100.0,0.0,0,0,8
Black Dragon Coordinator Tunic,2,100.0,0.0,0,0,24
Black Dragon Coordinator Tunic,3,100.0,0.0,0,0,61
Black Dragon Coordinator Tunic,4,100.0,0.0,0,0,122
Black Dragon Coordinator Tunic,5,100.0,0.0,0,0,245
Black Dragon Coordinator Tunic,6,100.0,0.0,0,0,490
Black Dragon Coordinator Tunic,7,33.33,25.0,0,1,735
Black Dragon Coordinator Tunic,8,33.33,25.0,0,1,1103
Black Dragon Coordinator Tunic,9,33.33,25.0,0,1,1634
Black Dragon Coordinator Tunic,10,33.33,25.0,0,1,2452
Black Dragon Coordinator Tunic,11,33.33,25.0,0,1,2942
Black Dragon Coordinator Tunic,12,33.33,25.0,0,2,3433
Black Dragon Coordinator Tunic,13,15.0,25.0,1,2,4087
Black Dragon Coordinator Tunic,14,5.0,25.0,1,2,6131
Black Dragon Coordinator Tunic,15,1.0,25.0,1,2,9809
Black Dragon Coordinator Slacks,1,100.0,0.0,0,0,6
Black Dragon Coordinator Slacks,2,100.0,0.0,0,0,19
Black Dragon Coordinator Slacks,3,100.0,0.0,0,0,48
Black Dragon Coordinator Slacks,4,100.0,0.0,0,0,96
Black Dragon Coordinator Slacks,5,100.0,0.0,0,0,192
Black Dragon Coordinator Slacks,6,100.0,0.0,0,0,385
Black Dragon Coordinator Slacks,7,33.33,25.0,0,1,578
Black Dragon Coordinator Slacks,8,33.33,25.0,0,1,867
Black Dragon Coordinator Slacks,9,33.33,25.0,0,1,1284
Black Dragon Coordinator Slacks,10,33.33,25.0,0,1,1926
Black Dragon Coordinator Slacks,11,33.33,25.0,0,1,2312
Black Dragon Coordinator Slacks,12,33.33,25.0,0,2,2697
Black Dragon Coordinator Slacks,13,15.0,25.0,1,2,3211
Black Dragon Coordinator Slacks,14,5.0,25.0,1,2,4817
Black Dragon Coordinator Slacks,15,1.0,25.0,1,2,7707
Black Dragon Coordinator Power Mitten,1,100.0,0.0,0,0,2
Black Dragon Coordinator Power Mitten,2,100.0,0.0,0,0,7
Black Dragon Coordinator Power Mitten,3,100.0,0.0,0,0,17
Black Dragon Coordinator Power Mitten,4,100.0,0.0,0,0,35
Black Dragon Coordinator Power Mitten,5,100.0,0.0,0,0,70
Black Dragon Coordinator Power Mitten,6,100.0,0.0,0,0,140
Black Dragon Coordinator Power Mitten,7,33.33,25.0,0,1,210
Black Dragon Coordinator Power Mitten,8,33.33,25.0,0,1,315
Black Dragon Coordinator Power Mitten,9,33.33,25.0,0,1,467
Black Dragon Coordinator Power Mitten,10,33.33,25.0,0,1,700
Black Dragon Coordinator Power Mitten,11,33.33,25.0,0,1,840
Black Dragon Coordinator Power Mitten,12,33.33,25.0,0,2,980
Black Dragon Coordinator Power Mitten,13,15.0,25.0,1,2,1167
Black Dragon Coordinator Power Mitten,14,5.0,25.0,1,2,1751
Black Dragon Coordinator Power Mitten,15,1.0,25.0,1,2,2802
Black Dragon Coordinator Round Shoes,1,100.0,0.0,0,0,2
Black Dragon Coordinator Round Shoes,2,100.0,0.0,0,0,6
Black Dragon Coordinator Round Shoes,3,100.0,0.0,0,0,15
Black Dragon Coordinator Round Shoes,4,100.0,0.0,0,0,31
Black Dragon Coordinator Round Shoes,5,100.0,0.0,0,0,62
Black Dragon Coordinator Round Shoes,6,100.0,0.0,0,0,124
Black Dragon Coordinator Round Shoes,7,33.33,25.0,0,1,186
Black Dragon Coordinator Round Shoes,8,33.33,25.0,0,1,279
Black Dragon Coordinator Round Shoes,9,33.33,25.0,0,1,413
Black Dragon Coordinator Round Shoes,10,33.33,25.0,0,1,620
Black Dragon Coordinator Round Shoes,11,33.33,25.0,0,1,744
Black Dragon Coordinator Round Shoes,12,33.33,25.0,0,2,868
Black Dragon Coordinator Round Shoes,13,15.0,25.0,1,2,1033
Black Dragon Coordinator Round Shoes,14,5.0,25.0,1,2,1550
Black Dragon Coordinator Round Shoes,15,1.0,25.0,1,2,2480
Black Dragon Coordinator Cannon,1,100.0,0.0,0,0,20
Black Dragon Coordinator Cannon,2,100.0,0.0,0,0,62
Black Dragon Coordinator Cannon,3,100.0,0.0,0,0,155
Black Dragon Coordinator Cannon,4,100.0,0.0,0,0,310
Black Dragon Coordinator Cannon,5,100.0,0.0,0,0,620
Black Dragon Coordinator Cannon,6,100.0,0.0,0,0,1240
Black Dragon Coordinator Cannon,7,33.33,25.0,0,1,1860
Black Dragon Coordinator Cannon,8,33.33,25.0,0,1,2790
Black Dragon Coordinator Cannon,9,33.33,25.0,0,1,4133
Black Dragon Coordinator Cannon,10,33.33,25.0,0,1,6200
Black Dragon Coordinator Cannon,11,33.33,25.0,0,1,7441
Black Dragon Coordinator Cannon,12,33.33,25.0,0,2,8681
Black Dragon Coordinator Cannon,13,15.0,25.0,1,2,10334
Black Dragon Coordinator Cannon,14,5.0,25.0,1,2,15502
Black Dragon Coordinator Cannon,15,1.0,25.0,1,2,24803
Black Dragon Coordinator Mecha Glove,1,100.0,0.0,0,0,10
Black Dragon Coordinator Mecha Glove,2,100.0,0.0,0,0,31
Black Dragon Coordinator Mecha Glove,3,100.0,0.0,0,0,77
Black Dragon Coordinator Mecha Glove,4,100.0,0.0,0,0,155
Black Dragon Coordinator Mecha Glove,5,100.0,0.0,0,0,310
Black Dragon Coordinator Mecha Glove,6,100.0,0.0,0,0,620
Black Dragon Coordinator Mecha Glove,7,33.33,25.0,0,1,930
Black Dragon Coordinator Mecha Glove,8,33.33,25.0,0,1,1395
Black Dragon Coordinator Mecha Glove,9,33.33,25.0,0,1,2066
Black Dragon Coordinator Mecha Glove,10,33.33,25.0,0,1,3100
Black Dragon Coordinator Mecha Glove,11,33.33,25.0,0,1,3720
Black Dragon Coordinator Mecha Glove,12,33.33,25.0,0,2,4340
Black Dragon Coordinator Mecha Glove,13,15.0,25.0,1,2,5167
Black Dragon Coordinator Mecha Glove,14,5.0,25.0,1,2,7751
Black Dragon Coordinator Mecha Glove,15,1.0,25.0,1,2,12401
Black Dragon Soul handler Orni,1,100.0,0.0,0,0,3
Black Dragon Soul handler Orni,2,100.0,0.0,0,0,10
Black Dragon Soul handler Orni,3,100.0,0.0,0,0,27
Black Dragon Soul handler Orni,4,100.0,0.0,0,0,54
Black Dragon Soul handler Orni,5,100.0,0.0,0,0,108
Black Dragon Soul handler Orni,6,100.0,0.0,0,0,217
Black Dragon Soul handler Orni,7,33.33,25.0,0,1,325
Black Dragon Soul handler Orni,8,33.33,25.0,0,1,488
Black Dragon Soul handler Orni,9,33.33,25.0,0,1,723
Black Dragon Soul handler Orni,10,33.33,25.0,0,1,1085
Black Dragon Soul handler Orni,11,33.33,25.0,0,1,1302
Black Dragon Soul handler Orni,12,33.33,25.0,0,2,1519
Black Dragon Soul handler Orni,13,15.0,25.0,1,2,1808
Black Dragon Soul handler Orni,14,5.0,25.0,1,2,2712
Black Dragon Soul handler Orni,15,1.0,25.0,1,2,4340
Black Dragon Soul handler Chori,1,100.0,0.0,0,0,8
Black Dragon Soul handler Chori,2,100.0,0.0,0,0,24
Black Dragon Soul handler Chori,3,100.0,0.0,0,0,61
Black Dragon Soul handler Chori,4,100.0,0.0,0,0,122
Black Dragon Soul handler Chori,5,100.0,0.0,0,0,245
Black Dragon Soul handler Chori,6,100.0,0.0,0,0,490
Black Dragon Soul handler Chori,7,33.33,25.0,0,1,735
Black Dragon Soul handler Chori,8,33.33,25.0,0,1,1103
Black Dragon Soul handler Chori,9,33.33,25.0,0,1,1634
Black Dragon Soul handler Chori,10,33.33,25.0,0,1,2452
Black Dragon Soul handler Chori,11,33.33,25.0,0,1,2942
Black Dragon Soul handler Chori,12,33.33,25.0,0,2,3433
Black Dragon Soul handler Chori,13,15.0,25.0,1,2,4087
Black Dragon Soul handler Chori,14,5.0,25.0,1,2,6131
Black Dragon Soul handler Chori,15,1.0,25.0,1,2,9809
Black Dragon Soul handler Salwar,1,100.0,0.0,0,0,6
Black Dragon Soul handler Salwar,2,100.0,0.0,0,0,19
Black Dragon Soul handler Salwar,3,100.0,0.0,0,0,48
Black Dragon Soul handler Salwar,4,100.0,0.0,0,0,96
Black Dragon Soul handler Salwar,5,100.0,0.0,0,0,192
Black Dragon Soul handler Salwar,6,100.0,0.0,0,0,385
Black Dragon Soul handler Salwar,7,33.33,25.0,0,1,578
Black Dragon Soul handler Salwar,8,33.33,25.0,0,1,867
Black Dragon Soul handler Salwar,9,33.33,25.0,0,1,1284
Black Dragon Soul handler Salwar,10,33.33,25.0,0,1,1926
Black Dragon Soul handler Salwar,11,33.33,25.0,0,1,2312
Black Dragon Soul handler Salwar,12,33.33,25.0,0,2,2697
Black Dragon Soul handler Salwar,13,15.0,25.0,1,2,3211
Black Dragon Soul handler Salwar,14,5.0,25.0,1,2,4817
Black Dragon Soul handler Salwar,15,1.0,25.0,1,2,7707
Black Dragon Soul handler Rakki,1,100.0,0.0,0,0,2
Black Dragon Soul handler Rakki,2,100.0,0.0,0,0,7
Black Dragon Soul handler Rakki,3,100.0,0.0,0,0,17
Black Dragon Soul handler Rakki,4,100.0,0.0,0,0,35
Black Dragon Soul handler Rakki,5,100.0,0.0,0,0,70
Black Dragon Soul handler Rakki,6,100.0,0.0,0,0,140
Black Dragon Soul handler Rakki,7,33.33,25.0,0,1,210
Black Dragon Soul handler Rakki,8,33.33,25.0,0,1,315
Black Dragon Soul handler Rakki,9,33.33,25.0,0,1,467
Black Dragon Soul handler Rakki,10,33.33,25.0,0,1,700
Black Dragon Soul handler Rakki,11,33.33,25.0,0,1,840
Black Dragon Soul handler Rakki,12,33.33,25.0,0,2,980
Black Dragon Soul handler Rakki,13,15.0,25.0,1,2,1167
Black Dragon Soul handler Rakki,14,5.0,25.0,1,2,1751
Black Dragon Soul handler Rakki,15,1.0,25.0,1,2,2802
Black Dragon Soul handler Jutti,1,100.0,0.0,0,0,2
Black Dragon Soul handler Jutti,2,100.0,0.0,0,0,7
Black Dragon Soul handler Jutti,3,100.0,0.0,0,0,17
Black Dragon Soul handler Jutti,4,100.0,0.0,0,0,35
Black Dragon Soul handler Jutti,5,100.0,0.0,0,0,70
Black Dragon Soul handler Jutti,6,100.0,0.0,0,0,140
Black Dragon Soul handler Jutti,7,33.33,25.0,0,1,210
Black Dragon Soul handler Jutti,8,33.33,25.0,0,1,315
Black Dragon Soul handler Jutti,9,33.33,25.0,0,1,467
Black Dragon Soul handler Jutti,10,33.33,25.0,0,1,700
Black Dragon Soul handler Jutti,11,33.33,25.0,0,1,840
Black Dragon Soul handler Jutti,12,33.33,25.0,0,2,980
Black Dragon Soul handler Jutti,13,15.0,25.0,1,2,1167
Black Dragon Soul handler Jutti,14,5.0,25.0,1,2,1751
Black Dragon Soul handler Jutti,15,1.0,25.0,1,2,2802
Black Dragon Soul handler Fan,1,100.0,0.0,0,0,23
Black Dragon Soul handler Fan,2,100.0,0.0,0,0,70
Black Dragon Soul handler Fan,3,100.0,0.0,0,0,175
Black Dragon Soul handler Fan,4,100.0,0.0,0,0,350
Black Dragon Soul handler Fan,5,100.0,0.0,0,0,700
Black Dragon Soul handler Fan,6,100.0,0.0,0,0,1401
Black Dragon Soul handler Fan,7,33.33,25.0,0,1,2102
Black Dragon Soul handler Fan,8,33.33,25.0,0,1,3153
Black Dragon Soul handler Fan,9,33.33,25.0,0,1,4671
Black Dragon Soul handler Fan,10,33.33,25.0,0,1,7006
Black Dragon Soul handler Fan,11,33.33,25.0,0,1,8408
Black Dragon Soul handler Fan,12,33.33,25.0,0,2,9809
Black Dragon Soul handler Fan,13,15.0,25.0,1,2,11678
Black Dragon Soul handler Fan,14,5.0,25.0,1,2,17517
Black Dragon Soul handler Fan,15,1.0,25.0,1,2,28027
Black Dragon Soul handler Charm,1,100.0,0.0,0,0,11
Black Dragon Soul handler Charm,2,100.0,0.0,0,0,35
Black Dragon Soul handler Charm,3,100.0,0.0,0,0,87
Black Dragon Soul handler Charm,4,100.0,0.0,0,0,175
Black Dragon Soul handler Charm,5,100.0,0.0,0,0,350
Black Dragon Soul handler Charm,6,100.0,0.0,0,0,700
Black Dragon Soul handler Charm,7,33.33,25.0,0,1,1051
Black Dragon Soul handler Charm,8,33.33,25.0,0,1,1576
Black Dragon Soul handler Charm,9,33.33,25.0,0,1,2335
Black Dragon Soul handler Charm,10,33.33,25.0,0,1,3503
Black Dragon Soul handler Charm,11,33.33,25.0,0,1,4204
Black Dragon Soul handler Charm,12,33.33,25.0,0,2,4904
Black Dragon Soul handler Charm,13,15.0,25.0,1,2,5839
Black Dragon Soul handler Charm,14,5.0,25.0,1,2,8758
Black Dragon Soul handler Charm,15,1.0,25.0,1,2,14013
Black Dragon Dancer Orni,1,100.0,0.0,0,0,3
Black Dragon Dancer Orni,2,100.0,0.0,0,0,10
Black Dragon Dancer Orni,3,100.0,0.0,0,0,27
Black Dragon Dancer Orni,4,100.0,0.0,0,0,54
Black Dragon Dancer Orni,5,100.0,0.0,0,0,108
Black Dragon Dancer Orni,6,100.0,0.0,0,0,217
Black Dragon Dancer Orni,7,33.33,25.0,0,1,325
Black Dragon Dancer Orni,8,33.33,25.0,0,1,488
Black Dragon Dancer Orni,9,33.33,25.0,0,1,723
Black Dragon Dancer Orni,10,33.33,25.0,0,1,1085
Black Dragon Dancer Orni,11,33.33,25.0,0,1,1302
Black Dragon Dancer Orni,12,33.33,25.0,0,2,1519
Black Dragon Dancer Orni,13,15.0,25.0,1,2,1808
Black Dragon Dancer Orni,14,5.0,25.0,1,2,2712
Black Dragon Dancer Orni,15,1.0,25.0,1,2,4340
Black Dragon Dancer Chori,1,100.0,0.0,0,0,7
Black Dragon Dancer Chori,2,100.0,0.0,0,0,21
Black Dragon Dancer Chori,3,100.0,0.0,0,0,54
Black Dragon Dancer Chori,4,100.0,0.0,0,0,108
Black Dragon Dancer Chori,5,100.0,0.0,0,0,217
Black Dragon Dancer Chori,6,100.0,0.0,0,0,434
Black Dragon Dancer Chori,7,33.33,25.0,0,1,651
Black Dragon Dancer Chori,8,33.33,25.0,0,1,976
Black Dragon Dancer Chori,9,33.33,25.0,0,1,1446
Black Dragon Dancer Chori,10,33.33,25.0,0,1,2170
Black Dragon Dancer Chori,11,33.33,25.0,0,1,2604
Black Dragon Dancer Chori,12,33.33,25.0,0,2,3038
Black Dragon Dancer Chori,13,15.0,25.0,1,2,3617
Black Dragon Dancer Chori,14,5.0,25.0,1,2,5425
Black Dragon Dancer Chori,15,1.0,25.0,1,2,8681
Black Dragon Dancer Salwar,1,100.0,0.0,0,0,5
Black Dragon Dancer Salwar,2,100.0,0.0,0,0,17
Black Dragon Dancer Salwar,3,100.0,0.0,0,0,42
Black Dragon Dancer Salwar,4,100.0,0.0,0,0,85
Black Dragon Dancer Salwar,5,100.0,0.0,0,0,170
Black Dragon Dancer Salwar,6,100.0,0.0,0,0,341
Black Dragon Dancer Salwar,7,33.33,25.0,0,1,511
Black Dragon Dancer Salwar,8,33.33,25.0,0,1,767
Black Dragon Dancer Salwar,9,33.33,25.0,0,1,1136
Black Dragon Dancer Salwar,10,33.33,25.0,0,1,1705
Black Dragon Dancer Salwar,11,33.33,25.0,0,1,2046
Black Dragon Dancer Salwar,12,33.33,25.0,0,2,2387
Black Dragon Dancer Salwar,13,15.0,25.0,1,2,2842
Black Dragon Dancer Salwar,14,5.0,25.0,1,2,4263
Black Dragon Dancer Salwar,15,1.0,25.0,1,2,6820
Black Dragon Dancer Rakki,1,100.0,0.0,0,0,2
Black Dragon Dancer Rakki,2,100.0,0.0,0,0,7
Black Dragon Dancer Rakki,3,100.0,0.0,0,0,17
Black Dragon Dancer Rakki,4,100.0,0.0,0,0,35
Black Dragon Dancer Rakki,5,100.0,0.0,0,0,70
Black Dragon Dancer Rakki,6,100.0,0.0,0,0,140
Black Dragon Dancer Rakki,7,33.33,25.0,0,1,210
Black Dragon Dancer Rakki,8,33.33,25.0,0,1,315
Black Dragon Dancer Rakki,9,33.33,25.0,0,1,467
Black Dragon Dancer Rakki,10,33.33,25.0,0,1,700
Black Dragon Dancer Rakki,11,33.33,25.0,0,1,840
Black Dragon Dancer Rakki,12,33.33,25.0,0,2,980
Black Dragon Dancer Rakki,13,15.0,25.0,1,2,1167
Black Dragon Dancer Rakki,14,5.0,25.0,1,2,1751
Black Dragon Dancer Rakki,15,1.0,25.0,1,2,2802
Black Dragon Dancer Jutti,1,100.0,0.0,0,0,2
Black Dragon Dancer Jutti,2,100.0,0.0,0,0,7
Black Dragon Dancer Jutti,3,100.0,0.0,0,0,17
Black Dragon Dancer Jutti,4,100.0,0.0,0,0,35
Black Dragon Dancer Jutti,5,100.0,0.0,0,0,70
Black Dragon Dancer Jutti,6,100.0,0.0,0,0,140
Black Dragon Dancer Jutti,7,33.33,25.0,0,1,210
Black Dragon Dancer Jutti,8,33.33,25.0,0,1,315
Black Dragon Dancer Jutti,9,33.33,25.0,0,1,467
Black Dragon Dancer Jutti,10,33.33,25.0,0,1,700
Black Dragon Dancer Jutti,11,33.33,25.0,0,1,840
Black Dragon Dancer Jutti,12,33.33,25.0,0,2,980
Black Dragon Dancer Jutti,13,15.0,25.0,1,2,1167
Black Dragon Dancer Jutti,14,5.0,25.0,1,2,1751
Black Dragon Dancer Jutti,15,1.0,25.0,1,2,2802
Black Dragon Dancer Chakram,1,100.0,0.0,0,0,23
Black Dragon Dancer Chakram,2,100.0,0.0,0,0,70
Black Dragon Dancer Chakram,3,100.0,0.0,0,0,175
Black Dragon Dancer Chakram,4,100.0,0.0,0,0,350
Black Dragon Dancer Chakram,5,100.0,0.0,0,0,700
Black Dragon Dancer Chakram,6,100.0,0.0,0,0,1401
Black Dragon Dancer Chakram,7,33.33,25.0,0,1,2102
Black Dragon Dancer Chakram,8,33.33,25.0,0,1,3153
Black Dragon Dancer Chakram,9,33.33,25.0,0,1,4671
Black Dragon Dancer Chakram,10,33.33,25.0,0,1,7006
Black Dragon Dancer Chakram,11,33.33,25.0,0,1,8408
Black Dragon Dancer Chakram,12,33.33,25.0,0,2,9809
Black Dragon Dancer Chakram,13,15.0,25.0,1,2,11678
Black Dragon Dancer Chakram,14,5.0,25.0,1,2,17517
Black Dragon Dancer Chakram,15,1.0,25.0,1,2,28027
Black Dragon Dancer Charm,1,100.0,0.0,0,0,11
Black Dragon Dancer Charm,2,100.0,0.0,0,0,35
Black Dragon Dancer Charm,3,100.0,0.0,0,0,87
Black Dragon Dancer Charm,4,100.0,0.0,0,0,175
Black Dragon Dancer Charm,5,100.0,0.0,0,0,350
Black Dragon Dancer Charm,6,100.0,0.0,0,0,700
Black Dragon Dancer Charm,7,33.33,25.0,0,1,1051
Black Dragon Dancer Charm,8,33.33,25.0,0,1,1576
Black Dragon Dancer Charm,9,33.33,25.0,0,1,2335
Black Dragon Dancer Charm,10,33.33,25.0,0,1,3503
Black Dragon Dancer Charm,11,33.33,25.0,0,1,4204
Black Dragon Dancer Charm,12,33.33,25.0,0,2,4904
Black Dragon Dancer Charm,13,15.0,25.0,1,2,5839
Black Dragon Dancer Charm,14,5.0,25.0,1,2,8758
Black Dragon Dancer Charm,15,1.0,25.0,1,2,14013
Black Dragon Slaughter Mask,1,100.0,0.0,0,0,3
Black Dragon Slaughter Mask,2,100.0,0.0,0,0,10
Black Dragon Slaughter Mask,3,100.0,0.0,0,0,27
Black Dragon Slaughter Mask,4,100.0,0.0,0,0,54
Black Dragon Slaughter Mask,5,100.0,0.0,0,0,108
Black Dragon Slaughter Mask,6,100.0,0.0,0,0,217
Black Dragon Slaughter Mask,7,33.33,25.0,0,1,325
Black Dragon Slaughter Mask,8,33.33,25.0,0,1,488
Black Dragon Slaughter Mask,9,33.33,25.0,0,1,723
Black Dragon Slaughter Mask,10,33.33,25.0,0,1,1085
Black Dragon Slaughter Mask,11,33.33,25.0,0,1,1302
Black Dragon Slaughter Mask,12,33.33,25.0,0,2,1519
Black Dragon Slaughter Mask,13,15.0,25.0,1,2,1808
Black Dragon Slaughter Mask,14,5.0,25.0,1,2,2712
Black Dragon Slaughter Mask,15,1.0,25.0,1,2,4340
Black Dragon Slaughter Vest,1,100.0,0.0,0,0,7
Black Dragon Slaughter Vest,2,100.0,0.0,0,0,21
Black Dragon Slaughter Vest,3,100.0,0.0,0,0,54
Black Dragon Slaughter Vest,4,100.0,0.0,0,0,108
Black Dragon Slaughter Vest,5,100.0,0.0,0,0,217
Black Dragon Slaughter Vest,6,100.0,0.0,0,0,434
Black Dragon Slaughter Vest,7,33.33,25.0,0,1,651
Black Dragon Slaughter Vest,8,33.33,25.0,0,1,976
Black Dragon Slaughter Vest,9,33.33,25.0,0,1,1446
Black Dragon Slaughter Vest,10,33.33,25.0,0,1,2170
Black Dragon Slaughter Vest,11,33.33,25.0,0,1,2604
Black Dragon Slaughter Vest,12,33.33,25.0,0,2,3038
Black Dragon Slaughter Vest,13,15.0,25.0,1,2,3617
Black Dragon Slaughter Vest,14,5.0,25.0,1,2,5425
Black Dragon Slaughter Vest,15,1.0,25.0,1,2,8681
Black Dragon Slaughter Greaves,1,100.0,0.0,0,0,5
Black Dragon Slaughter Greaves,2,100.0,0.0,0,0,17
Black Dragon Slaughter Greaves,3,100.0,0.0,0,0,42
Black Dragon Slaughter Greaves,4,100.0,0.0,0,0,85
Black Dragon Slaughter Greaves,5,100.0,0.0,0,0,170
Black Dragon Slaughter Greaves,6,100.0,0.0,0,0,341
Black Dragon Slaughter Greaves,7,33.33,25.0,0,1,511
Black Dragon Slaughter Greaves,8,33.33,25.0,0,1,767
Black Dragon Slaughter Greaves,9,33.33,25.0,0,1,1136
Black Dragon Slaughter Greaves,10,33.33,25.0,0,1,1705
Black Dragon Slaughter Greaves,11,33.33,25.0,0,1,2046
Black Dragon Slaughter Greaves,12,33.33,25.0,0,2,2387
Black Dragon Slaughter Greaves,13,15.0,25.0,1,2,2842
Black Dragon Slaughter Greaves,14,5.0,25.0,1,2,4263
Black Dragon Slaughter Greaves,15,1.0,25.0,1,2,6820
Black Dragon Slaughter Wrist Guards,1,100.0,0.0,0,0,2
Black Dragon Slaughter Wrist Guards,2,100.0,0.0,0,0,7
Black Dragon Slaughter Wrist Guards,3,100.0,0.0,0,0,17
Black Dragon Slaughter Wrist Guards,4,100.0,0.0,0,0,35
Black Dragon Slaughter Wrist Guards,5,100.0,0.0,0,0,70
Black Dragon Slaughter Wrist Guards,6,100.0,0.0,0,0,140
Black Dragon Slaughter Wrist Guards,7,33.33,25.0,0,1,210
Black Dragon Slaughter Wrist Guards,8,33.33,25.0,0,1,315
Black Dragon Slaughter Wrist Guards,9,33.33,25.0,0,1,467
Black Dragon Slaughter Wrist Guards,10,33.33,25.0,0,1,700
Black Dragon Slaughter Wrist Guards,11,33.33,25.0,0,1,840
Black Dragon Slaughter Wrist Guards,12,33.33,25.0,0,2,980
Black Dragon Slaughter Wrist Guards,13,15.0,25.0,1,2,1167
Black Dragon Slaughter Wrist Guards,14,5.0,25.0,1,2,1751
Black Dragon Slaughter Wrist Guards,15,1.0,25.0,1,2,2802
Black Dragon Slaughter Sandals,1,100.0,0.0,0,0,2
Black Dragon Slaughter Sandals,2,100.0,0.0,0,0,7
Black Dragon Slaughter Sandals,3,100.0,0.0,0,0,17
Black Dragon Slaughter Sandals,4,100.0,0.0,0,0,35
Black Dragon Slaughter Sandals,5,100.0,0.0,0,0,70
Black Dragon Slaughter Sandals,6,100.0,0.0,0,0,140
Black Dragon Slaughter Sandals,7,33.33,25.0,0,1,210
Black Dragon Slaughter Sandals,8,33.33,25.0,0,1,315
Black Dragon Slaughter Sandals,9,33.33,25.0,0,1,467
Black Dragon Slaughter Sandals,10,33.33,25.0,0,1,700
Black Dragon Slaughter Sandals,11,33.33,25.0,0,1,840
Black Dragon Slaughter Sandals,12,33.33,25.0,0,2,980
Black Dragon Slaughter Sandals,13,15.0,25.0,1,2,1167
Black Dragon Slaughter Sandals,14,5.0,25.0,1,2,1751
Black Dragon Slaughter Sandals,15,1.0,25.0,1,2,2802
Black Dragon Slaughter Scimitar,1,100.0,0.0,0,0,23
Black Dragon Slaughter Scimitar,2,100.0,0.0,0,0,70
Black Dragon Slaughter Scimitar,3,100.0,0.0,0,0,175
Black Dragon Slaughter Scimitar,4,100.0,0.0,0,0,350
Black Dragon Slaughter Scimitar,5,100.0,0.0,0,0,700
Black Dragon Slaughter Scimitar,6,100.0,0.0,0,0,1401
Black Dragon Slaughter Scimitar,7,33.33,25.0,0,1,2102
Black Dragon Slaughter Scimitar,8,33.33,25.0,0,1,3153
Black Dragon Slaughter Scimitar,9,33.33,25.0,0,1,4671
Black Dragon Slaughter Scimitar,10,33.33,25.0,0,1,7006
Black Dragon Slaughter Scimitar,11,33.33,25.0,0,1,8408
Black Dragon Slaughter Scimitar,12,33.33,25.0,0,2,9809
Black Dragon Slaughter Scimitar,13,15.0,25.0,1,2,11678
Black Dragon Slaughter Scimitar,14,5.0,25.0,1,2,17517
Black Dragon Slaughter Scimitar,15,1.0,25.0,1,2,28027
Black Dragon Slaughter Arm Blade,1,100.0,0.0,0,0,10
Black Dragon Slaughter Arm Blade,2,100.0,0.0,0,0,31
Black Dragon Slaughter Arm Blade,3,100.0,0.0,0,0,77
Black Dragon Slaughter Arm Blade,4,100.0,0.0,0,0,155
Black Dragon Slaughter Arm Blade,5,100.0,0.0,0,0,310
Black Dragon Slaughter Arm Blade,6,100.0,0.0,0,0,620
Black Dragon Slaughter Arm Blade,7,33.33,25.0,0,1,930
Black Dragon Slaughter Arm Blade,8,33.33,25.0,0,1,1395
Black Dragon Slaughter Arm Blade,9,33.33,25.0,0,1,2066
Black Dragon Slaughter Arm Blade,10,33.33,25.0,0,1,3100
Black Dragon Slaughter Arm Blade,11,33.33,25.0,0,1,3720
Black Dragon Slaughter Arm Blade,12,33.33,25.0,0,2,4340
Black Dragon Slaughter Arm Blade,13,15.0,25.0,1,2,5167
Black Dragon Slaughter Arm Blade,14,5.0,25.0,1,2,7751
Black Dragon Slaughter Arm Blade,15,1.0,25.0,1,2,12401
Black Dragon Meditation Mask,1,100.0,0.0,0,0,4
Black Dragon Meditation Mask,2,100.0,0.0,0,0,12
Black Dragon Meditation Mask,3,100.0,0.0,0,0,30
Black Dragon Meditation Mask,4,100.0,0.0,0,0,61
Black Dragon Meditation Mask,5,100.0,0.0,0,0,122
Black Dragon Meditation Mask,6,100.0,0.0,0,0,245
Black Dragon Meditation Mask,7,33.33,25.0,0,1,367
Black Dragon Meditation Mask,8,33.33,25.0,0,1,551
Black Dragon Meditation Mask,9,33.33,25.0,0,1,817
Black Dragon Meditation Mask,10,33.33,25.0,0,1,1226
Black Dragon Meditation Mask,11,33.33,25.0,0,1,1471
Black Dragon Meditation Mask,12,33.33,25.0,0,2,1716
Black Dragon Meditation Mask,13,15.0,25.0,1,2,2043
Black Dragon Meditation Mask,14,5.0,25.0,1,2,3065
Black Dragon Meditation Mask,15,1.0,25.0,1,2,4904
Black Dragon Meditation Vest,1,100.0,0.0,0,0,7
Black Dragon Meditation Vest,2,100.0,0.0,0,0,21
Black Dragon Meditation Vest,3,100.0,0.0,0,0,54
Black Dragon Meditation Vest,4,100.0,0.0,0,0,108
Black Dragon Meditation Vest,5,100.0,0.0,0,0,217
Black Dragon Meditation Vest,6,100.0,0.0,0,0,434
Black Dragon Meditation Vest,7,33.33,25.0,0,1,651
Black Dragon Meditation Vest,8,33.33,25.0,0,1,976
Black Dragon Meditation Vest,9,33.33,25.0,0,1,1446
Black Dragon Meditation Vest,10,33.33,25.0,0,1,2170
Black Dragon Meditation Vest,11,33.33,25.0,0,1,2604
Black Dragon Meditation Vest,12,33.33,25.0,0,2,3038
Black Dragon Meditation Vest,13,15.0,25.0,1,2,3617
Black Dragon Meditation Vest,14,5.0,25.0,1,2,5425
Black Dragon Meditation Vest,15,1.0,25.0,1,2,8681
Black Dragon Meditation Greaves,1,100.0,0.0,0,0,6
Black Dragon Meditation Greaves,2,100.0,0.0,0,0,19
Black Dragon Meditation Greaves,3,100.0,0.0,0,0,48
Black Dragon Meditation Greaves,4,100.0,0.0,0,0,96
Black Dragon Meditation Greaves,5,100.0,0.0,0,0,192
Black Dragon Meditation Greaves,6,100.0,0.0,0,0,385
Black Dragon Meditation Greaves,7,33.33,25.0,0,1,578
Black Dragon Meditation Greaves,8,33.33,25.0,0,1,867
Black Dragon Meditation Greaves,9,33.33,25.0,0,1,1284
Black Dragon Meditation Greaves,10,33.33,25.0,0,1,1926
Black Dragon Meditation Greaves,11,33.33,25.0,0,1,2312
Black Dragon Meditation Greaves,12,33.33,25.0,0,2,2697
Black Dragon Meditation Greaves,13,15.0,25.0,1,2,3211
Black Dragon Meditation Greaves,14,5.0,25.0,1,2,4817
Black Dragon Meditation Greaves,15,1.0,25.0,1,2,7707
Black Dragon Meditation Wrist Guards,1,100.0,0.0,0,0,2
Black Dragon Meditation Wrist Guards,2,100.0,0.0,0,0,6
Black Dragon Meditation Wrist Guards,3,100.0,0.0,0,0,15
Black Dragon Meditation Wrist Guards,4,100.0,0.0,0,0,31
Black Dragon Meditation Wrist Guards,5,100.0,0.0,0,0,62
Black Dragon Meditation Wrist Guards,6,100.0,0.0,0,0,124
Black Dragon Meditation Wrist Guards,7,33.33,25.0,0,1,186
Black Dragon Meditation Wrist Guards,8,33.33,25.0,0,1,279
Black Dragon Meditation Wrist Guards,9,33.33,25.0,0,1,413
Black Dragon Meditation Wrist Guards,10,33.33,25.0,0,1,620
Black Dragon Meditation Wrist Guards,11,33.33,25.0,0,1,744
Black Dragon Meditation Wrist Guards,12,33.33,25.0,0,2,868
Black Dragon Meditation Wrist Guards,13,15.0,25.0,1,2,1033
Black Dragon Meditation Wrist Guards,14,5.0,25.0,1,2,1550
Black Dragon Meditation Wrist Guards,15,1.0,25.0,1,2,2480
Black Dragon Meditation Sandals,1,100.0,0.0,0,0,2
Black Dragon Meditation Sandals,2,100.0,0.0,0,0,6
Black Dragon Meditation Sandals,3,100.0,0.0,0,0,15
Black Dragon Meditation Sandals,4,100.0,0.0,0,0,31
Black Dragon Meditation Sandals,5,100.0,0.0,0,0,62
Black Dragon Meditation Sandals,6,100.0,0.0,0,0,124
Black Dragon Meditation Sandals,7,33.33,25.0,0,1,186
Black Dragon Meditation Sandals,8,33.33,25.0,0,1,279
Black Dragon Meditation Sandals,9,33.33,25.0,0,1,413
Black Dragon Meditation Sandals,10,33.33,25.0,0,1,620
Black Dragon Meditation Sandals,11,33.33,25.0,0,1,744
Black Dragon Meditation Sandals,12,33.33,25.0,0,2,868
Black Dragon Meditation Sandals,13,15.0,25.0,1,2,1033
Black Dragon Meditation Sandals,14,5.0,25.0,1,2,1550
Black Dragon Meditation Sandals,15,1.0,25.0,1,2,2480
Black Dragon Meditation Dagger,1,100.0,0.0,0,0,20
Black Dragon Meditation Dagger,2,100.0,0.0,0,0,62
Black Dragon Meditation Dagger,3,100.0,0.0,0,0,155
Black Dragon Meditation Dagger,4,100.0,0.0,0,0,310
Black Dragon Meditation Dagger,5,100.0,0.0,0,0,620
Black Dragon Meditation Dagger,6,100.0,0.0,0,0,1240
Black Dragon Meditation Dagger,7,33.33,25.0,0,1,1860
Black Dragon Meditation Dagger,8,33.33,25.0,0,1,2790
Black Dragon Meditation Dagger,9,33.33,25.0,0,1,4133
Black Dragon Meditation Dagger,10,33.33,25.0,0,1,6200
Black Dragon Meditation Dagger,11,33.33,25.0,0,1,7441
Black Dragon Meditation Dagger,12,33.33,25.0,0,2,8681
Black Dragon Meditation Dagger,13,15.0,25.0,1,2,10334
Black Dragon Meditation Dagger,14,5.0,25.0,1,2,15502
Black Dragon Meditation Dagger,15,1.0,25.0,1,2,24803
Black Dragon Meditation Arm Blade,1,100.0,0.0,0,0,10
Black Dragon Meditation Arm Blade,2,100.0,0.0,0,0,31
Black Dragon Meditation Arm Blade,3,100.0,0.0,0,0,77
Black Dragon Meditation Arm Blade,4,100.0,0.0,0,0,155
Black Dragon Meditation Arm Blade,5,100.0,0.0,0,0,310
Black Dragon Meditation Arm Blade,6,100.0,0.0,0,0,620
Black Dragon Meditation Arm Blade,7,33.33,25.0,0,1,930
Black Dragon Meditation Arm Blade,8,33.33,25.0,0,1,1395
Black Dragon Meditation Arm Blade,9,33.33,25.0,0,1,2066
Black Dragon Meditation Arm Blade,10,33.33,25.0,0,1,3100
Black Dragon Meditation Arm Blade,11,33.33,25.0,0,1,3720
Black Dragon Meditation Arm Blade,12,33.33,25.0,0,2,4340
Black Dragon Meditation Arm Blade,13,15.0,25.0,1,2,5167
Black Dragon Meditation Arm Blade,14,5.0,25.0,1,2,7751
Black Dragon Meditation Arm Blade,15,1.0,25.0,1,2,12401
Black Dragon Victoria Bonnet,1,100.0,0.0,0,0,3
Black Dragon Victoria Bonnet,2,100.0,0.0,0,0,10
Black Dragon Victoria Bonnet,3,100.0,0.0,0,0,27
Black Dragon Victoria Bonnet,4,100.0,0.0,0,0,54
Black Dragon Victoria Bonnet,5,100.0,0.0,0,0,108
Black Dragon Victoria Bonnet,6,100.0,0.0,0,0,217
Black Dragon Victoria Bonnet,7,33.33,25.0,0,1,325
Black Dragon Victoria Bonnet,8,33.33,25.0,0,1,488
Black Dragon Victoria Bonnet,9,33.33,25.0,0,1,723
Black Dragon Victoria Bonnet,10,33.33,25.0,0,1,1085
Black Dragon Victoria Bonnet,11,33.33,25.0,0,1,1302
Black Dragon Victoria Bonnet,12,33.33,25.0,0,2,1519
Black Dragon Victoria Bonnet,13,15.0,25.0,1,2,1808
Black Dragon Victoria Bonnet,14,5.0,25.0,1,2,2712
Black Dragon Victoria Bonnet,15,1.0,25.0,1,2,4340
Black Dragon Victoria Blouse,1,100.0,0.0,0,0,7
Black Dragon Victoria Blouse,2,100.0,0.0,0,0,21
Black Dragon Victoria Blouse,3,100.0,0.0,0,0,54
Black Dragon Victoria Blouse,4,100.0,0.0,0,0,108
Black Dragon Victoria Blouse,5,100.0,0.0,0,0,217
Black Dragon Victoria Blouse,6,100.0,0.0,0,0,434
Black Dragon Victoria Blouse,7,33.33,25.0,0,1,651
Black Dragon Victoria Blouse,8,33.33,25.0,0,1,976
Black Dragon Victoria Blouse,9,33.33,25.0,0,1,1446
Black Dragon Victoria Blouse,10,33.33,25.0,0,1,2170
Black Dragon Victoria Blouse,11,33.33,25.0,0,1,2604
Black Dragon Victoria Blouse,12,33.33,25.0,0,2,3038
Black Dragon Victoria Blouse,13,15.0,25.0,1,2,3617
Black Dragon Victoria Blouse,14,5.0,25.0,1,2,5425
Black Dragon Victoria Blouse,15,1.0,25.0,1,2,8681
Black Dragon Victoria Knee Socks,1,100.0,0.0,0,0,6
Black Dragon Victoria Knee Socks,2,100.0,0.0,0,0,19
Black Dragon Victoria Knee Socks,3,100.0,0.0,0,0,48
Black Dragon Victoria Knee Socks,4,100.0,0.0,0,0,96
Black Dragon Victoria Knee Socks,5,100.0,0.0,0,0,192
Black Dragon Victoria Knee Socks,6,100.0,0.0,0,0,385
Black Dragon Victoria Knee Socks,7,33.33,25.0,0,1,578
Black Dragon Victoria Knee Socks,8,33.33,25.0,0,1,867
Black Dragon Victoria Knee Socks,9,33.33,25.0,0,1,1284
Black Dragon Victoria Knee Socks,10,33.33,25.0,0,1,1926
Black Dragon Victoria Knee Socks,11,33.33,25.0,0,1,2312
Black Dragon Victoria Knee Socks,12,33.33,25.0,0,2,2697
Black Dragon Victoria Knee Socks,13,15.0,25.0,1,2,3211
Black Dragon Victoria Knee Socks,14,5.0,25.0,1,2,4817
Black Dragon Victoria Knee Socks,15,1.0,25.0,1,2,7707
Black Dragon Victoria Gloves,1,100.0,0.0,0,0,2
Black Dragon Victoria Gloves,2,100.0,0.0,0,0,7
Black Dragon Victoria Gloves,3,100.0,0.0,0,0,17
Black Dragon Victoria Gloves,4,100.0,0.0,0,0,35
Black Dragon Victoria Gloves,5,100.0,0.0,0,0,70
Black Dragon Victoria Gloves,6,100.0,0.0,0,0,140
Black Dragon Victoria Gloves,7,33.33,25.0,0,1,210
Black Dragon Victoria Gloves,8,33.33,25.0,0,1,315
Black Dragon Victoria Gloves,9,33.33,25.0,0,1,467
Black Dragon Victoria Gloves,10,33.33,25.0,0,1,700
Black Dragon Victoria Gloves,11,33.33,25.0,0,1,840
Black Dragon Victoria Gloves,12,33.33,25.0,0,2,980
Black Dragon Victoria Gloves,13,15.0,25.0,1,2,1167
Black Dragon Victoria Gloves,14,5.0,25.0,1,2,1751
Black Dragon Victoria Gloves,15,1.0,25.0,1,2,2802
Black Dragon Victoria Sandals,1,100.0,0.0,0,0,2
Black Dragon Victoria Sandals,2,100.0,0.0,0,0,6
Black Dragon Victoria Sandals,3,100.0,0.0,0,0,15
Black Dragon Victoria Sandals,4,100.0,0.0,0,0,31
Black Dragon Victoria Sandals,5,100.0,0.0,0,0,62
Black Dragon Victoria Sandals,6,100.0,0.0,0,0,124
Black Dragon Victoria Sandals,7,33.33,25.0,0,1,186
Black Dragon Victoria Sandals,8,33.33,25.0,0,1,279
Black Dragon Victoria Sandals,9,33.33,25.0,0,1,413
Black Dragon Victoria Sandals,10,33.33,25.0,0,1,620
Black Dragon Victoria Sandals,11,33.33,25.0,0,1,744
Black Dragon Victoria Sandals,12,33.33,25.0,0,2,868
Black Dragon Victoria Sandals,13,15.0,25.0,1,2,1033
Black Dragon Victoria Sandals,14,5.0,25.0,1,2,1550
Black Dragon Victoria Sandals,15,1.0,25.0,1,2,2480
Black Dragon Victoria Spear,1,100.0,0.0,0,0,23
Black Dragon Victoria Spear,2,100.0,0.0,0,0,70
Black Dragon Victoria Spear,3,100.0,0.0,0,0,175
Black Dragon Victoria Spear,4,100.0,0.0,0,0,350
Black Dragon Victoria Spear,5,100.0,0.0,0,0,700
Black Dragon Victoria Spear,6,100.0,0.0,0,0,1401
Black Dragon Victoria Spear,7,33.33,25.0,0,1,2102
Black Dragon Victoria Spear,8,33.33,25.0,0,1,3153
Black Dragon Victoria Spear,9,33.33,25.0,0,1,4671
Black Dragon Victoria Spear,10,33.33,25.0,0,1,7006
Black Dragon Victoria Spear,11,33.33,25.0,0,1,8408
Black Dragon Victoria Spear,12,33.33,25.0,0,2,9809
Black Dragon Victoria Spear,13,15.0,25.0,1,2,11678
Black Dragon Victoria Spear,14,5.0,25.0,1,2,17517
Black Dragon Victoria Spear,15,1.0,25.0,1,2,28027
Black Dragon Victoria Bracelets,1,100.0,0.0,0,0,10
Black Dragon Victoria Bracelets,2,100.0,0.0,0,0,31
Black Dragon Victoria Bracelets,3,100.0,0.0,0,0,77
Black Dragon Victoria Bracelets,4,100.0,0.0,0,0,155
Black Dragon Victoria Bracelets,5,100.0,0.0,0,0,310
Black Dragon Victoria Bracelets,6,100.0,0.0,0,0,620
Black Dragon Victoria Bracelets,7,33.33,25.0,0,1,930
Black Dragon Victoria Bracelets,8,33.33,25.0,0,1,1395
Black Dragon Victoria Bracelets,9,33.33,25.0,0,1,2066
Black Dragon Victoria Bracelets,10,33.33,25.0,0,1,3100
Black Dragon Victoria Bracelets,11,33.33,25.0,0,1,3720
Black Dragon Victoria Bracelets,12,33.33,25.0,0,2,4340
Black Dragon Victoria Bracelets,13,15.0,25.0,1,2,5167
Black Dragon Victoria Bracelets,14,5.0,25.0,1,2,7751
Black Dragon Victoria Bracelets,15,1.0,25.0,1,2,12401
